標籤,名稱,敵人標籤,獎勵,關卡配置,初始位置,地形標籤
1001,小怪,6 2=1001;6 1=1001;2 4=1002,,BATTLE,0 0,1 4=1002;4 2=1001;3 3=1001;5 4=1003;2 3=1003
1002,小怪,6 3=1002;7 2=1001,,BATTLE,0 0,4 3=1002;5 1=1003;4 1=1001
1003,小怪,7 1=1002;3 4=1002,,BATTLE,0 0,5 1=1002;5 4=1003;4 3=1001;1 4=1001
1004,小怪,7 3=1002;5 4=1001,,BATTLE,0 0,3 2=1003;4 1=1002;6 4=1002;1 4=1003;3 4=1003;4 4=1001
1005,小怪,6 4=1001;1 4=1002,,BATTLE,0 0,4 2=1003;2 4=1003;1 1=1001;1 3=1002;4 4=1003;5 3=1001
1006,小怪,1 3=1002;5 3=1001,,BATTLE,0 0,2 4=1003;7 3=1001;7 2=1003
1007,小怪,5 3=1001;1 4=1001;4 4=1002,,BATTLE,0 0,1 3=1002;5 1=1001;6 2=1003;5 4=1003;3 3=1002;5 2=1001
1008,小怪,1 1=1002;3 3=1002;2 4=1002,,BATTLE,0 0,6 3=1001;2 1=1003;1 4=1002;3 2=1002;7 1=1001;6 1=1003
1009,小怪,3 1=1001;7 1=1001,,BATTLE,0 0,7 4=1002;5 3=1002;5 1=1001
1010,小怪,5 2=1002;7 1=1002,,BATTLE,0 0,3 2=1002;7 2=1002;2 4=1002
1011,小怪,2 1=1001;2 2=1001,,BATTLE,0 0,6 4=1001;5 1=1001;4 2=1002;3 1=1002
1012,小怪,4 1=1002;7 1=1001;3 2=1001,,BATTLE,0 0,1 2=1002;4 4=1002;2 2=1003
1013,小怪,6 1=1001;5 3=1001,,BATTLE,0 0,5 1=1001;6 3=1002;7 3=1003
1014,小怪,1 4=1001;7 3=1001;4 4=1001,,BATTLE,0 0,7 1=1001;6 2=1002;6 1=1002;5 1=1002
1015,小怪,6 2=1002;7 1=1002,,BATTLE,0 0,2 3=1002;3 4=1002;3 1=1003
1016,小怪,1 1=1002;4 4=1001;3 1=1001,,BATTLE,0 0,1 4=1002;2 3=1003;4 3=1001;6 3=1003
1017,小怪,3 4=1002;2 3=1001;5 3=1002,,BATTLE,0 0,6 4=1003;4 2=1002;2 2=1003
1018,小怪,7 4=1001;2 4=1001,,BATTLE,0 0,3 4=1002;3 2=1003;5 4=1003;3 1=1002
1019,小怪,6 1=1001;2 2=1001,,BATTLE,0 0,7 2=1001;7 1=1003;3 3=1001;4 2=1002
1020,小怪,6 3=1002;7 4=1002,,BATTLE,0 0,5 4=1002;6 1=1001;3 1=1002;2 4=1002;1 1=1003
1021,小怪,5 1=1001;2 3=1002,,BATTLE,0 0,3 4=1002;4 4=1002;5 2=1003;3 3=1003;5 3=1002
1022,小怪,2 1=1001;2 4=1001;2 3=1002,,BATTLE,0 0,4 1=1003;6 3=1003;7 2=1002
1023,小怪,6 1=1001;2 1=1002,,BATTLE,0 0,3 1=1002;7 1=1001;5 1=1002;5 2=1002;1 2=1001;4 4=1001
1024,小怪,3 1=1001;4 3=1002;2 4=1002,,BATTLE,0 0,1 2=1002;5 2=1002;7 1=1002;1 3=1001
1025,小怪,2 4=1002;7 1=1001,,BATTLE,0 0,1 1=1002;6 1=1003;6 3=1003;3 3=1001;2 1=1003;5 1=1001
1026,小怪,1 1=1001;5 4=1001,,BATTLE,0 0,3 4=1001;5 1=1003;4 3=1001;2 4=1001;7 2=1003
1027,小怪,3 3=1002;4 3=1002;4 2=1002,,BATTLE,0 0,1 4=1002;6 3=1002;1 3=1003;5 4=1003;4 1=1003
1028,小怪,3 1=1002;5 1=1001,,BATTLE,0 0,6 4=1002;5 3=1001;3 2=1002;7 2=1002;1 2=1001;7 4=1001
1029,小怪,6 1=1001;5 4=1002,,BATTLE,0 0,3 4=1001;2 2=1003;7 4=1001;5 2=1002;2 3=1003;5 1=1002
1030,小怪,6 2=1002;7 2=1002,,BATTLE,0 0,5 2=1002;7 1=1001;2 4=1001;3 3=1003;2 2=1002;3 2=1002
1031,小怪,7 2=1002;3 3=1001;2 2=1001,,BATTLE,0 0,4 4=1001;6 2=1002;3 1=1001
1032,小怪,4 1=1001;5 2=1001,,BATTLE,0 0,5 1=1001;2 4=1002;2 3=1003;3 2=1002;4 2=1003
1033,小怪,4 4=1001;2 3=1002;7 4=1002,,BATTLE,0 0,1 1=1003;1 4=1002;2 1=1003;7 3=1001;3 2=1003
1034,小怪,4 3=1001;5 1=1001;1 3=1001,,BATTLE,0 0,3 1=1003;1 4=1003;6 2=1003;5 2=1003;3 4=1003
1035,小怪,3 1=1002;3 2=1002;5 3=1001,,BATTLE,0 0,5 2=1003;1 2=1003;7 2=1001;6 3=1002;2 1=1001
1036,小怪,7 1=1001;4 4=1001;7 2=1002,,BATTLE,0 0,2 3=1003;7 4=1003;4 2=1003;3 4=1003
1037,小怪,5 2=1002;2 2=1002;4 4=1001,,BATTLE,0 0,2 3=1003;5 1=1001;2 1=1003;1 2=1002;4 1=1003
1038,小怪,2 3=1001;5 3=1001,,BATTLE,0 0,1 1=1003;4 3=1002;4 1=1002;7 2=1002;7 3=1002
1039,小怪,6 3=1001;5 3=1002,,BATTLE,0 0,7 1=1003;1 3=1001;6 4=1003;1 2=1001;2 3=1003
1040,小怪,6 2=1002;4 4=1001;7 2=1001,,BATTLE,0 0,6 4=1003;6 3=1001;2 1=1001;1 3=1002;4 1=1003;7 1=1001
1041,小怪,2 4=1001;1 2=1002,,BATTLE,0 0,2 3=1002;3 4=1001;3 1=1003;1 1=1003;7 2=1003
1042,小怪,6 2=1001;7 4=1001,,BATTLE,0 0,4 4=1001;2 4=1002;1 3=1001;1 4=1003
1043,小怪,4 4=1001;5 2=1001;2 4=1001,,BATTLE,0 0,2 1=1002;7 3=1002;4 2=1003;4 3=1001
1044,小怪,1 3=1001;7 1=1001,,BATTLE,0 0,4 4=1001;6 3=1001;1 2=1002;6 4=1003;4 3=1002;6 2=1003
1045,小怪,7 2=1002;5 2=1002,,BATTLE,0 0,3 2=1003;1 2=1002;4 3=1003;1 1=1001;6 4=1001
1046,小怪,1 4=1001;4 1=1002;1 1=1001,,BATTLE,0 0,2 4=1001;5 1=1001;3 4=1001
1047,小怪,6 2=1001;1 3=1001;7 4=1001,,BATTLE,0 0,2 3=1002;6 4=1002;2 2=1003;6 1=1003;3 4=1002
1048,小怪,3 4=1002;7 1=1002;5 3=1002,,BATTLE,0 0,7 4=1002;2 1=1003;2 3=1001;4 2=1001;4 3=1003;6 1=1001
1049,小怪,2 2=1001;3 1=1001,,BATTLE,0 0,6 3=1003;6 2=1002;7 3=1001;5 3=1001
1050,小怪,7 2=1001;5 2=1002;7 1=1001,,BATTLE,0 0,6 1=1002;1 4=1001;7 3=1003;3 4=1001;2 4=1003
1051,小怪,4 2=1001;3 2=1001,,BATTLE,0 0,7 2=1001;1 4=1001;6 2=1002;5 4=1001;5 2=1002
1052,小怪,2 2=1001;7 1=1002;1 3=1001,,BATTLE,0 0,1 2=1001;4 2=1003;6 3=1002;4 3=1003
1053,小怪,2 3=1001;4 4=1001;1 2=1001,,BATTLE,0 0,1 4=1003;3 3=1002;5 3=1002;6 2=1003;5 1=1002;6 1=1003
1054,小怪,2 3=1002;3 2=1002;3 4=1001,,BATTLE,0 0,4 3=1003;3 1=1001;2 1=1003;7 3=1003;5 4=1002;7 1=1003
1055,小怪,1 4=1001;2 4=1002,,BATTLE,0 0,5 3=1001;7 2=1001;3 3=1002;7 3=1001;7 4=1002;5 2=1003
1056,小怪,5 2=1001;4 1=1002;1 3=1001,,BATTLE,0 0,2 3=1002;1 4=1003;1 1=1002;4 4=1002;3 4=1001
1057,小怪,1 1=1001;1 4=1001,,BATTLE,0 0,5 3=1001;5 1=1003;5 4=1002;3 3=1002;2 3=1002
1058,小怪,2 1=1001;6 4=1001;5 4=1002,,BATTLE,0 0,4 4=1002;3 1=1002;4 3=1002
1059,小怪,3 3=1001;3 4=1001;3 2=1002,,BATTLE,0 0,4 2=1002;2 4=1003;6 2=1002;2 2=1001;6 3=1003
1060,小怪,6 4=1001;3 4=1002;4 4=1001,,BATTLE,0 0,3 1=1001;6 1=1002;5 1=1003
1061,小怪,7 4=1001;2 3=1001;2 2=1001,,BATTLE,0 0,1 3=1002;5 1=1001;3 3=1002
1062,小怪,6 2=1002;1 4=1002,,BATTLE,0 0,2 3=1001;3 4=1002;2 2=1003;2 4=1001;7 2=1003;1 3=1002
1063,小怪,5 1=1001;7 4=1002,,BATTLE,0 0,6 4=1002;1 4=1003;3 3=1003;7 3=1001
1064,小怪,3 4=1002;4 1=1001,,BATTLE,0 0,7 2=1001;2 2=1001;4 3=1003;3 2=1003
1065,小怪,6 3=1001;7 1=1002,,BATTLE,0 0,5 1=1001;2 3=1002;1 3=1003;6 4=1003;4 1=1003;4 3=1001
1066,小怪,1 2=1002;6 1=1001,,BATTLE,0 0,7 4=1003;3 3=1001;7 2=1002;5 4=1002;4 3=1001
1067,小怪,1 2=1001;4 2=1001;2 4=1002,,BATTLE,0 0,4 1=1001;5 1=1001;6 1=1003;2 3=1003
1068,小怪,4 2=1002;2 3=1001;1 2=1001,,BATTLE,0 0,3 1=1003;4 4=1002;6 2=1001;7 2=1001;1 4=1002
1069,小怪,2 2=1002;6 3=1002,,BATTLE,0 0,7 2=1002;7 3=1003;1 2=1001;5 2=1001
1070,小怪,4 1=1001;4 3=1002;4 2=1002,,BATTLE,0 0,1 2=1002;6 3=1002;3 3=1003
1071,小怪,1 4=1002;4 4=1002,,BATTLE,0 0,7 3=1002;5 3=1001;3 1=1001;6 2=1003;2 1=1002;5 2=1001
1072,小怪,4 4=1002;2 2=1001;2 4=1001,,BATTLE,0 0,4 2=1003;3 1=1002;2 3=1001
1073,小怪,1 1=1002;3 2=1001;5 2=1001,,BATTLE,0 0,3 1=1003;5 3=1003;7 2=1001;2 2=1003
1074,小怪,7 3=1001;4 3=1001,,BATTLE,0 0,3 1=1001;4 4=1002;6 4=1003;1 4=1002;5 3=1002
1075,小怪,3 2=1001;1 1=1002,,BATTLE,0 0,4 3=1003;7 3=1003;3 4=1003;7 2=1001;3 1=1003;6 1=1002
1076,小怪,7 2=1001;5 4=1002;1 3=1002,,BATTLE,0 0,2 4=1001;1 1=1003;6 3=1003;7 1=1003
1077,小怪,7 3=1002;6 2=1001,,BATTLE,0 0,4 4=1001;6 4=1002;6 3=1002;4 2=1001;1 1=1003;5 1=1003
1078,小怪,3 3=1002;2 3=1002;4 4=1002,,BATTLE,0 0,2 4=1002;2 1=1001;1 1=1002;4 2=1001
1079,小怪,3 3=1001;6 4=1002;3 1=1002,,BATTLE,0 0,5 1=1003;5 3=1002;4 1=1001;7 2=1002;1 4=1001;1 3=1002
1080,小怪,5 1=1001;6 4=1001;6 3=1002,,BATTLE,0 0,7 1=1003;2 3=1002;7 4=1001;7 3=1001
1081,小怪,1 3=1002;7 2=1002,,BATTLE,0 0,3 2=1001;6 1=1002;6 3=1003;2 3=1001;6 4=1002;4 2=1003
1082,小怪,5 3=1002;1 1=1001,,BATTLE,0 0,3 2=1001;5 1=1002;3 3=1001;7 1=1001;7 4=1002
1083,小怪,4 2=1002;5 2=1002;1 3=1002,,BATTLE,0 0,2 1=1001;3 1=1001;4 1=1002;5 3=1002
1084,小怪,3 2=1001;4 1=1001,,BATTLE,0 0,2 2=1001;4 2=1002;5 1=1003;7 4=1001;2 1=1003;3 1=1001
1085,小怪,7 2=1002;7 3=1002;4 4=1001,,BATTLE,0 0,1 1=1003;6 3=1001;2 2=1001
1086,小怪,6 4=1002;6 2=1002,,BATTLE,0 0,5 1=1002;5 2=1003;7 4=1003
1087,小怪,1 3=1001;3 1=1001,,BATTLE,0 0,4 4=1001;5 1=1001;7 1=1002
1088,小怪,6 3=1001;1 3=1002,,BATTLE,0 0,3 2=1003;5 3=1001;7 3=1003;6 2=1002;2 4=1003;5 4=1002
1089,小怪,4 4=1002;7 1=1002,,BATTLE,0 0,1 4=1001;4 1=1003;1 2=1003;1 3=1003;5 3=1003;3 2=1002
1090,小怪,3 2=1002;2 4=1001,,BATTLE,0 0,4 4=1003;6 4=1001;3 3=1002;5 2=1003
1091,小怪,5 3=1002;3 2=1001,,BATTLE,0 0,7 1=1002;5 1=1003;4 3=1002
1092,小怪,2 2=1002;6 3=1001;3 3=1001,,BATTLE,0 0,7 2=1001;6 1=1002;2 4=1002;5 1=1002;1 3=1001;1 1=1001
1093,小怪,5 4=1001;1 1=1001;7 2=1002,,BATTLE,0 0,1 2=1003;1 4=1002;4 1=1003;7 1=1003
1094,小怪,6 1=1001;5 2=1002;3 2=1001,,BATTLE,0 0,1 3=1002;2 3=1001;4 3=1003;7 1=1001;7 2=1001;2 4=1001
1095,小怪,5 1=1002;1 1=1001,,BATTLE,0 0,5 2=1003;1 4=1002;2 1=1002
1096,小怪,5 1=1001;1 1=1001;4 2=1001,,BATTLE,0 0,3 3=1002;2 1=1001;1 4=1002;6 3=1002;7 2=1003;5 2=1002
1097,小怪,7 2=1001;1 2=1002,,BATTLE,0 0,5 4=1001;2 1=1001;1 4=1003;3 3=1001;2 3=1002;4 2=1002
1098,小怪,2 1=1001;3 1=1002;1 2=1001,,BATTLE,0 0,7 3=1001;2 4=1001;6 1=1002;2 3=1003;1 4=1001;5 3=1001
1099,小怪,7 1=1002;2 2=1001;4 4=1001,,BATTLE,0 0,3 1=1002;2 4=1003;5 4=1003;6 2=1001;2 3=1001;3 2=1003
1100,小怪,5 2=1001;4 4=1002,,BATTLE,0 0,6 4=1002;5 3=1003;1 3=1001;7 2=1001;7 4=1001;2 2=1001
1101,小怪,2 3=1001;5 4=1001;3 4=1002,,BATTLE,0 0,1 2=1001;3 2=1002;1 3=1001;5 2=1001
1102,小怪,4 2=1002;2 3=1002,,BATTLE,0 0,3 4=1003;5 1=1003;3 3=1003;6 3=1003;1 2=1003
1103,小怪,5 2=1001;7 4=1001;4 1=1001,,BATTLE,0 0,6 3=1003;1 3=1001;2 4=1003;5 3=1003
1104,小怪,7 1=1001;7 3=1002;3 3=1001,,BATTLE,0 0,5 1=1002;6 1=1001;4 2=1003;3 1=1002;6 4=1003
1105,小怪,1 2=1001;5 3=1002,,BATTLE,0 0,6 3=1003;4 4=1001;2 1=1003
1106,小怪,4 2=1002;5 3=1001,,BATTLE,0 0,1 4=1002;6 2=1001;2 1=1002;6 3=1003;7 2=1003;1 1=1002
1107,小怪,2 2=1002;3 2=1001,,BATTLE,0 0,7 2=1002;1 1=1002;5 2=1003;4 3=1003
1108,小怪,3 4=1002;2 2=1001,,BATTLE,0 0,4 3=1003;6 4=1001;1 1=1001;7 2=1001;2 4=1002;2 1=1003
1109,小怪,1 3=1001;4 1=1001,,BATTLE,0 0,6 4=1001;2 2=1001;6 1=1001;5 4=1002;7 1=1001;7 2=1001
1110,小怪,7 1=1002;4 3=1001,,BATTLE,0 0,6 4=1001;3 1=1003;3 3=1003
1111,小怪,4 1=1001;4 3=1002,,BATTLE,0 0,3 4=1003;1 3=1001;6 4=1003;2 2=1002;5 4=1002
1112,小怪,3 1=1002;6 1=1001;1 3=1001,,BATTLE,0 0,7 2=1002;2 3=1002;2 4=1003;5 2=1002;6 2=1001
1113,小怪,2 4=1001;1 4=1001;6 2=1002,,BATTLE,0 0,6 4=1003;3 4=1002;1 1=1001;5 3=1001
1114,小怪,4 1=1002;1 4=1001,,BATTLE,0 0,5 4=1003;4 4=1003;6 4=1003
1115,小怪,5 2=1001;4 4=1001;5 3=1002,,BATTLE,0 0,6 4=1002;6 3=1003;6 1=1002;7 3=1002;3 2=1003
1116,小怪,5 3=1002;7 4=1001,,BATTLE,0 0,1 4=1001;7 2=1003;3 1=1001;3 2=1001
1117,小怪,4 2=1002;7 4=1002;3 1=1002,,BATTLE,0 0,2 2=1001;4 3=1003;2 3=1003;1 1=1003;3 3=1002
1118,小怪,3 1=1002;6 3=1002,,BATTLE,0 0,4 1=1002;3 4=1002;6 4=1003;6 1=1002;1 1=1003;5 4=1001
1119,小怪,2 1=1001;2 3=1002,,BATTLE,0 0,3 3=1001;1 3=1003;1 2=1003;5 2=1001;6 3=1001
1120,小怪,4 1=1001;6 2=1001,,BATTLE,0 0,7 4=1003;6 3=1001;5 1=1003;4 2=1001
1121,小怪,7 2=1001;2 4=1002,,BATTLE,0 0,4 1=1003;6 3=1002;1 3=1003;2 1=1002;4 3=1002
1122,小怪,1 3=1001;1 2=1001,,BATTLE,0 0,6 1=1003;4 4=1002;5 3=1001;5 1=1001;3 3=1001
1123,小怪,4 1=1001;7 4=1001;4 2=1002,,BATTLE,0 0,4 3=1003;7 2=1001;3 1=1003
1124,小怪,1 2=1002;4 2=1002,,BATTLE,0 0,3 4=1002;3 1=1001;4 4=1002;6 4=1001;1 4=1003
1125,小怪,1 1=1001;7 4=1002;1 2=1001,,BATTLE,0 0,5 3=1003;2 1=1003;6 3=1002;4 4=1001;4 3=1003;3 4=1002
1126,小怪,4 1=1001;2 4=1002;3 3=1001,,BATTLE,0 0,1 4=1002;2 2=1001;1 2=1002;5 4=1002;4 2=1001
1127,小怪,4 3=1002;3 2=1001,,BATTLE,0 0,4 4=1002;1 3=1002;7 1=1001;5 2=1002;7 4=1001;3 4=1002
1128,小怪,7 4=1001;3 3=1002,,BATTLE,0 0,2 4=1001;2 3=1002;5 2=1003;7 1=1002;7 2=1001;5 1=1003
1129,小怪,3 3=1002;6 2=1002;1 2=1002,,BATTLE,0 0,2 3=1001;4 3=1002;7 4=1002;3 2=1003;5 1=1003;5 2=1003
1130,小怪,7 3=1001;4 4=1002;5 2=1001,,BATTLE,0 0,1 4=1001;7 1=1001;7 2=1001;5 1=1002;6 3=1001
1131,小怪,7 3=1002;1 3=1001;6 1=1002,,BATTLE,0 0,1 1=1001;4 1=1001;2 4=1003;5 4=1001;3 3=1003
1132,小怪,3 4=1002;5 3=1001;1 1=1001,,BATTLE,0 0,3 1=1001;6 3=1003;7 2=1001;2 4=1002
1133,小怪,2 4=1001;5 2=1002,,BATTLE,0 0,1 3=1002;1 1=1003;7 2=1001;6 2=1003;6 1=1003;1 4=1003
1134,小怪,2 4=1002;3 4=1001;5 4=1002,,BATTLE,0 0,7 4=1003;3 2=1003;5 2=1002;2 3=1003
1135,小怪,6 4=1002;6 3=1002,,BATTLE,0 0,5 3=1003;6 1=1001;7 1=1002;7 4=1001
1136,小怪,4 3=1002;3 3=1001;6 4=1001,,BATTLE,0 0,4 1=1001;3 1=1001;3 4=1002
1137,小怪,2 4=1002;2 3=1002;2 2=1001,,BATTLE,0 0,2 1=1001;1 1=1003;3 4=1001;3 3=1003;5 3=1002;4 2=1001
1138,小怪,7 3=1001;1 2=1001,,BATTLE,0 0,4 4=1001;5 2=1003;6 4=1003;4 3=1002;6 1=1003
1139,小怪,5 2=1002;7 3=1002,,BATTLE,0 0,4 2=1002;6 1=1001;3 1=1003;2 2=1002
1140,小怪,4 1=1002;6 4=1001,,BATTLE,0 0,7 2=1001;7 4=1001;3 1=1003;7 3=1003;2 3=1001
1141,小怪,2 4=1002;6 3=1002,,BATTLE,0 0,5 1=1002;2 1=1002;5 3=1001
1142,小怪,7 4=1002;2 4=1002,,BATTLE,0 0,5 3=1001;1 4=1001;2 1=1002;1 3=1003
1143,小怪,3 4=1002;1 3=1001,,BATTLE,0 0,7 4=1003;4 4=1001;2 2=1001
1144,小怪,3 3=1002;7 4=1001,,BATTLE,0 0,2 3=1001;6 4=1001;3 1=1003;4 1=1001;2 1=1001
1145,小怪,3 4=1001;4 1=1002,,BATTLE,0 0,1 4=1003;2 3=1002;6 2=1001;7 3=1002;1 2=1001
1146,小怪,2 2=1001;6 1=1002,,BATTLE,0 0,5 2=1003;7 2=1003;5 4=1003
1147,小怪,4 3=1001;7 1=1002,,BATTLE,0 0,4 4=1003;5 4=1002;3 2=1001
1148,小怪,4 1=1001;5 1=1001,,BATTLE,0 0,5 4=1001;2 3=1002;1 4=1001;7 4=1003;1 3=1003;3 3=1001
1149,小怪,6 4=1002;3 2=1002;4 1=1002,,BATTLE,0 0,3 3=1003;2 4=1002;2 3=1001;1 3=1003;5 3=1001
1150,小怪,6 3=1002;1 4=1001,,BATTLE,0 0,3 4=1003;1 3=1003;7 2=1002;1 2=1001
1151,小怪,2 3=1001;4 1=1001;2 4=1001,,BATTLE,0 0,7 1=1001;1 1=1001;3 2=1001;4 3=1002;2 1=1002;4 4=1001
1152,小怪,2 3=1001;6 2=1001,,BATTLE,0 0,1 3=1003;6 1=1003;3 4=1003;7 3=1001;2 2=1001
1153,小怪,2 3=1002;3 4=1001,,BATTLE,0 0,6 3=1001;5 1=1001;3 3=1003
1154,小怪,7 3=1002;6 1=1002;6 3=1001,,BATTLE,0 0,3 3=1002;2 1=1003;6 2=1002;4 1=1003;3 4=1001;1 1=1001
1155,小怪,6 3=1001;3 3=1001;3 2=1002,,BATTLE,0 0,4 4=1001;6 1=1001;5 2=1001;7 3=1003
1156,小怪,5 2=1001;7 1=1002;1 2=1002,,BATTLE,0 0,7 4=1003;6 3=1002;4 2=1003
1157,小怪,2 1=1001;1 4=1002,,BATTLE,0 0,5 3=1003;5 4=1003;6 4=1002;1 2=1002;1 3=1001
1158,小怪,1 2=1002;2 4=1001,,BATTLE,0 0,4 4=1001;1 1=1002;7 4=1003;7 3=1001
1159,小怪,7 3=1001;3 4=1001,,BATTLE,0 0,1 2=1003;7 4=1001;5 3=1001;1 4=1001;7 1=1001
1160,小怪,2 1=1001;5 1=1001,,BATTLE,0 0,5 4=1001;6 1=1001;7 3=1001
1161,小怪,5 4=1001;3 3=1002,,BATTLE,0 0,2 4=1003;2 2=1001;1 4=1001;6 4=1001
1162,小怪,7 4=1002;7 1=1002,,BATTLE,0 0,6 4=1003;5 4=1003;3 4=1003
1163,小怪,4 2=1002;3 3=1002,,BATTLE,0 0,2 3=1002;1 3=1001;4 3=1003;3 1=1001
1164,小怪,7 1=1001;7 3=1002,,BATTLE,0 0,2 3=1001;2 2=1002;4 4=1001;7 4=1001
1165,小怪,2 2=1002;5 1=1002,,BATTLE,0 0,4 3=1002;1 1=1003;2 1=1001
1166,小怪,3 4=1001;2 3=1001,,BATTLE,0 0,6 1=1003;1 4=1002;1 1=1002;2 4=1002
1167,小怪,3 4=1002;5 1=1002,,BATTLE,0 0,5 4=1003;4 2=1001;7 4=1002;7 1=1001;5 2=1001;7 2=1002
1168,小怪,2 3=1001;6 1=1002,,BATTLE,0 0,3 2=1002;4 1=1003;1 1=1002;6 4=1003;4 2=1001
1169,小怪,6 2=1002;4 3=1001;5 1=1002,,BATTLE,0 0,7 1=1002;2 4=1002;5 2=1002;7 3=1003
1170,小怪,1 2=1002;2 4=1002;6 3=1002,,BATTLE,0 0,6 2=1003;4 4=1001;3 1=1003;5 4=1002
1171,小怪,2 4=1002;3 4=1001;3 3=1002,,BATTLE,0 0,5 3=1003;4 3=1002;5 1=1002
1172,小怪,6 4=1001;7 3=1002,,BATTLE,0 0,5 1=1001;6 1=1002;1 2=1001;4 3=1001
1173,小怪,5 4=1001;7 2=1001,,BATTLE,0 0,2 4=1001;4 2=1001;2 1=1003;7 4=1003;4 3=1001
1174,小怪,2 1=1001;5 1=1002;2 4=1001,,BATTLE,0 0,4 4=1003;1 1=1001;1 4=1003;7 2=1002;4 3=1002;3 2=1002
1175,小怪,5 2=1001;6 4=1001;1 4=1002,,BATTLE,0 0,6 3=1002;4 3=1001;2 1=1001;2 4=1001
1176,小怪,2 2=1002;5 3=1002;6 4=1001,,BATTLE,0 0,1 4=1001;7 3=1003;3 1=1003;5 1=1002;2 1=1001;2 3=1003
1177,小怪,2 3=1002;7 2=1002,,BATTLE,0 0,2 2=1003;5 3=1002;6 2=1003
1178,小怪,1 3=1001;6 4=1002;5 1=1001,,BATTLE,0 0,6 2=1002;7 4=1002;3 1=1001;6 1=1003
1179,小怪,1 4=1001;5 3=1002,,BATTLE,0 0,4 2=1003;2 4=1002;6 1=1003;3 1=1002;7 2=1001;1 1=1002
1180,小怪,6 1=1001;3 2=1001;1 3=1002,,BATTLE,0 0,5 1=1003;5 3=1003;5 2=1003;3 3=1002
1181,小怪,3 1=1002;6 1=1002,,BATTLE,0 0,5 4=1003;3 3=1003;3 2=1002;7 3=1003;6 4=1002
1182,小怪,2 3=1001;1 2=1001;4 4=1002,,BATTLE,0 0,7 2=1002;6 3=1002;2 4=1003;6 1=1001
1183,小怪,6 2=1002;6 4=1002;6 3=1001,,BATTLE,0 0,7 4=1001;5 1=1001;4 3=1001;1 2=1001
1184,小怪,4 1=1002;2 4=1002,,BATTLE,0 0,3 1=1001;2 2=1003;7 4=1002;2 3=1001;5 3=1001;6 1=1001
1185,小怪,6 4=1002;5 2=1001,,BATTLE,0 0,5 4=1003;3 1=1003;1 4=1002
1186,小怪,3 1=1001;7 4=1002,,BATTLE,0 0,6 1=1002;6 2=1002;5 3=1002
1187,小怪,4 4=1002;6 2=1002,,BATTLE,0 0,6 1=1002;4 3=1003;3 3=1002;2 3=1002
1188,小怪,6 4=1002;4 4=1002;4 2=1001,,BATTLE,0 0,6 2=1001;5 3=1001;3 4=1002;2 2=1003
1189,小怪,2 4=1001;5 1=1002;5 2=1001,,BATTLE,0 0,7 4=1003;3 4=1003;1 3=1001;3 1=1002;6 1=1003
1190,小怪,5 2=1001;6 1=1001;1 1=1001,,BATTLE,0 0,5 4=1001;7 4=1003;7 2=1003
1191,小怪,4 1=1001;1 2=1002;1 3=1002,,BATTLE,0 0,6 1=1001;2 1=1002;7 1=1002;3 4=1003;2 4=1001;6 3=1001
1192,小怪,3 3=1001;5 3=1002,,BATTLE,0 0,2 4=1001;6 4=1002;5 4=1001
1193,小怪,4 4=1002;5 4=1002;7 1=1001,,BATTLE,0 0,3 4=1003;6 2=1003;5 1=1002
1194,小怪,7 1=1001;1 4=1002,,BATTLE,0 0,6 2=1003;4 1=1003;2 4=1003;6 3=1002;7 3=1002;1 3=1002
1195,小怪,5 4=1002;1 1=1001;1 4=1001,,BATTLE,0 0,3 2=1001;2 2=1002;7 1=1002;1 2=1001;4 3=1002;7 3=1001
1196,小怪,2 1=1002;5 1=1001;5 4=1001,,BATTLE,0 0,5 3=1002;4 2=1002;6 4=1001;6 2=1001;3 4=1003
1197,小怪,4 2=1001;7 2=1002,,BATTLE,0 0,2 2=1002;5 2=1001;4 3=1003;4 1=1003;3 3=1002;7 4=1002
1198,小怪,2 1=1001;7 4=1001,,BATTLE,0 0,4 1=1001;5 1=1001;6 1=1002;3 3=1003;1 2=1001;4 3=1003
1199,小怪,6 3=1002;7 4=1002,,BATTLE,0 0,4 4=1001;4 2=1001;1 3=1003;7 1=1002
1200,小怪,3 4=1002;4 3=1001;7 1=1001,,BATTLE,0 0,7 2=1001;7 4=1002;6 3=1002;4 2=1003
1201,小怪,3 1=1002;1 4=1002,,BATTLE,0 0,2 4=1002;2 2=1002;3 4=1001;2 3=1002
1202,小怪,5 2=1001;1 4=1002;5 3=1001,,BATTLE,0 0,2 3=1002;4 3=1001;6 2=1001;3 3=1002;2 4=1002;4 4=1002
1203,小怪,7 2=1001;5 4=1002,,BATTLE,0 0,3 3=1003;3 2=1002;1 2=1003
1204,小怪,5 3=1001;7 2=1001,,BATTLE,0 0,2 4=1003;6 1=1003;2 3=1003
1205,小怪,1 1=1002;1 2=1002;3 4=1001,,BATTLE,0 0,6 3=1003;5 4=1003;4 1=1003
1206,小怪,3 2=1001;2 4=1002;4 4=1002,,BATTLE,0 0,1 4=1001;3 1=1001;6 3=1003;6 1=1003
1207,小怪,4 3=1002;5 2=1002,,BATTLE,0 0,4 1=1001;6 3=1003;4 4=1002;2 3=1002;3 3=1001
1208,小怪,4 2=1002;5 3=1001;1 3=1002,,BATTLE,0 0,6 2=1001;1 4=1001;5 2=1001;6 3=1002;3 3=1001;1 1=1001
1209,小怪,3 3=1002;5 2=1002,,BATTLE,0 0,1 2=1001;7 3=1003;6 3=1001
1210,小怪,3 4=1002;2 2=1002;5 3=1002,,BATTLE,0 0,4 4=1002;6 1=1001;7 1=1002
1211,小怪,1 1=1002;4 4=1001,,BATTLE,0 0,3 3=1002;6 2=1003;1 4=1001;2 1=1002;7 3=1003;6 4=1002
1212,小怪,1 4=1001;7 3=1002;2 1=1002,,BATTLE,0 0,3 2=1002;7 1=1002;5 3=1001;2 4=1002
1213,小怪,4 4=1002;2 1=1002,,BATTLE,0 0,7 3=1001;2 2=1002;5 3=1002;4 3=1002;4 2=1002
1214,小怪,7 4=1001;4 4=1001,,BATTLE,0 0,2 1=1003;3 4=1001;1 3=1001;7 3=1002;2 4=1001
1215,小怪,5 2=1001;1 1=1002;3 1=1002,,BATTLE,0 0,6 1=1002;1 4=1001;5 1=1001;6 2=1003;3 2=1002
1216,小怪,6 1=1002;3 1=1001,,BATTLE,0 0,7 1=1001;2 2=1003;4 3=1003;5 1=1001;5 2=1003
1217,小怪,1 1=1001;1 3=1002,,BATTLE,0 0,4 4=1002;3 2=1002;5 4=1001;2 3=1001
1218,小怪,5 3=1001;4 1=1002,,BATTLE,0 0,1 2=1003;3 3=1002;6 3=1001;2 3=1002;7 1=1002
1219,小怪,6 2=1001;7 1=1001;1 2=1001,,BATTLE,0 0,7 4=1002;4 1=1003;6 1=1001;2 4=1001;7 3=1003
1220,小怪,7 1=1002;7 2=1001,,BATTLE,0 0,6 1=1001;3 3=1003;7 4=1001
1221,小怪,3 3=1001;3 2=1002;7 3=1002,,BATTLE,0 0,4 4=1003;6 2=1002;2 1=1001;2 3=1003;1 4=1001
1222,小怪,2 3=1002;3 3=1002;1 3=1001,,BATTLE,0 0,3 4=1003;1 4=1001;4 4=1001;5 1=1003;7 3=1003;2 4=1003
1223,小怪,3 2=1001;7 1=1001;7 3=1001,,BATTLE,0 0,7 2=1002;4 4=1002;2 2=1002;5 3=1002;6 2=1003
1224,小怪,1 2=1001;5 1=1001,,BATTLE,0 0,3 1=1001;6 2=1003;1 4=1002
1225,小怪,3 4=1002;2 4=1001,,BATTLE,0 0,3 1=1001;1 3=1001;6 1=1001;4 1=1001;7 2=1003
1226,小怪,7 2=1001;4 2=1001,,BATTLE,0 0,7 4=1002;3 3=1003;2 4=1001;5 2=1003;6 1=1002;5 1=1002
1227,小怪,6 3=1001;3 1=1001,,BATTLE,0 0,4 2=1002;6 2=1003;1 3=1002
1228,小怪,7 4=1002;3 3=1001,,BATTLE,0 0,6 4=1002;4 2=1003;7 2=1003;1 3=1003;3 1=1001;5 2=1002
1229,小怪,1 4=1002;6 3=1002,,BATTLE,0 0,4 2=1003;3 1=1001;3 3=1003;2 4=1002
1230,小怪,6 2=1001;7 2=1002;6 4=1001,,BATTLE,0 0,5 2=1001;6 3=1001;3 2=1003
1231,小怪,3 4=1002;1 3=1002;2 2=1002,,BATTLE,0 0,7 4=1003;3 1=1002;7 3=1002
1232,小怪,5 1=1001;6 2=1002;4 4=1002,,BATTLE,0 0,4 3=1003;4 2=1002;3 1=1003;3 4=1002
1233,小怪,3 2=1001;5 2=1002,,BATTLE,0 0,4 1=1003;6 2=1002;2 1=1002;7 3=1003;6 1=1003;2 2=1001
1234,小怪,5 2=1002;7 2=1001;4 4=1001,,BATTLE,0 0,5 1=1003;1 2=1002;6 1=1002;5 3=1001;1 4=1003;1 3=1003
1235,小怪,2 2=1001;5 3=1002;6 4=1001,,BATTLE,0 0,1 2=1002;7 2=1002;4 2=1001;7 1=1003
1236,小怪,4 3=1002;5 1=1001;1 3=1001,,BATTLE,0 0,4 2=1001;6 1=1002;1 4=1002
1237,小怪,1 4=1002;3 2=1002;2 3=1002,,BATTLE,0 0,2 4=1002;6 1=1002;5 2=1001
1238,小怪,4 3=1001;3 4=1001,,BATTLE,0 0,2 3=1001;6 2=1002;1 2=1001;7 4=1003
1239,小怪,3 2=1002;6 4=1001,,BATTLE,0 0,2 2=1002;2 4=1003;4 4=1001;2 1=1001;7 3=1002;4 2=1002
1240,小怪,6 3=1002;2 1=1002,,BATTLE,0 0,4 1=1002;5 2=1001;6 4=1003
1241,小怪,6 4=1001;2 2=1001;2 1=1001,,BATTLE,0 0,6 2=1003;5 1=1001;5 4=1003;1 1=1001;4 1=1003
1242,小怪,7 1=1002;7 3=1001,,BATTLE,0 0,6 1=1002;4 4=1003;6 4=1001;1 4=1003;7 4=1001;3 1=1002
1243,小怪,6 3=1001;3 2=1001;4 1=1001,,BATTLE,0 0,6 1=1001;1 4=1001;7 3=1002
1244,小怪,1 4=1002;3 3=1002;1 2=1002,,BATTLE,0 0,5 4=1003;3 1=1001;5 1=1003
1245,小怪,6 3=1001;3 4=1002;5 2=1001,,BATTLE,0 0,7 1=1002;2 4=1003;1 3=1003;1 2=1002;1 4=1001;2 3=1001
1246,小怪,2 4=1002;4 4=1001,,BATTLE,0 0,4 3=1001;6 4=1002;7 1=1002;7 2=1002
1247,小怪,7 3=1001;6 1=1002,,BATTLE,0 0,2 2=1002;6 3=1002;7 1=1001;7 4=1003;7 2=1001
1248,小怪,6 2=1001;1 2=1002;1 1=1001,,BATTLE,0 0,4 3=1003;5 2=1002;2 1=1002;6 4=1003;7 4=1001
1249,小怪,7 2=1002;6 4=1002;2 3=1001,,BATTLE,0 0,5 2=1002;3 3=1002;6 1=1001;6 3=1002;2 4=1001
1250,小怪,3 4=1002;1 4=1002;7 3=1001,,BATTLE,0 0,2 1=1001;7 4=1001;6 2=1001;1 3=1002
1251,小怪,3 1=1001;7 1=1001;6 4=1001,,BATTLE,0 0,4 4=1001;6 2=1002;6 1=1001;2 2=1002;3 2=1001;7 4=1001
1252,小怪,2 4=1002;6 1=1002,,BATTLE,0 0,3 2=1001;6 4=1003;1 4=1002;5 2=1001;4 4=1002;1 2=1001
1253,小怪,3 3=1002;5 2=1001;6 3=1001,,BATTLE,0 0,5 1=1002;1 4=1002;5 4=1002;1 2=1002
1254,小怪,6 4=1001;4 4=1002;5 4=1001,,BATTLE,0 0,6 2=1003;1 2=1003;1 1=1001
1255,小怪,4 3=1002;4 2=1001,,BATTLE,0 0,3 4=1002;7 3=1001;1 1=1003;4 4=1003
1256,小怪,3 4=1001;4 3=1001;1 2=1001,,BATTLE,0 0,6 1=1001;7 1=1003;5 4=1002
1257,小怪,1 3=1001;7 2=1001,,BATTLE,0 0,4 2=1002;3 3=1003;3 2=1001;5 1=1002;2 4=1001;7 4=1003
1258,小怪,2 3=1001;3 3=1001;2 1=1001,,BATTLE,0 0,3 1=1001;6 1=1002;6 4=1002
1259,小怪,3 3=1002;4 4=1001,,BATTLE,0 0,6 2=1003;7 4=1002;4 2=1003
1260,小怪,2 1=1001;3 1=1001;5 4=1002,,BATTLE,0 0,6 2=1002;4 4=1002;3 4=1001
1261,小怪,5 1=1002;4 2=1001;1 1=1002,,BATTLE,0 0,7 2=1003;1 3=1001;1 2=1003;4 4=1001;2 4=1003
1262,小怪,3 1=1002;7 3=1002;6 2=1002,,BATTLE,0 0,1 4=1002;3 3=1002;4 2=1002
1263,小怪,5 3=1001;6 1=1001,,BATTLE,0 0,3 3=1001;5 1=1002;1 2=1003;4 1=1003;4 4=1002
1264,小怪,2 2=1001;2 4=1002;4 4=1002,,BATTLE,0 0,2 1=1003;1 2=1001;3 1=1001;6 1=1001;3 4=1002;4 3=1003
1265,小怪,6 4=1002;4 2=1001;6 2=1001,,BATTLE,0 0,1 3=1001;3 1=1001;6 3=1001;5 2=1003;2 4=1001;1 2=1001
1266,小怪,1 3=1002;6 3=1002;4 4=1002,,BATTLE,0 0,2 3=1001;3 1=1002;5 1=1002;1 2=1001;2 4=1003;5 3=1001
1267,小怪,7 3=1002;7 2=1002;7 4=1001,,BATTLE,0 0,5 3=1002;3 1=1002;2 3=1003
1268,小怪,1 4=1002;7 2=1002,,BATTLE,0 0,1 3=1003;3 1=1003;6 4=1001
1269,小怪,3 2=1002;5 3=1001;1 4=1001,,BATTLE,0 0,2 1=1003;4 3=1002;4 4=1003;3 3=1002;7 2=1003;1 1=1002
1270,小怪,7 3=1001;5 4=1001;6 2=1002,,BATTLE,0 0,5 2=1003;2 1=1003;1 4=1001;2 3=1003
1271,小怪,7 1=1002;4 2=1001,,BATTLE,0 0,6 1=1002;1 2=1003;5 1=1003;1 1=1002;1 3=1001
1272,小怪,1 4=1001;2 1=1002,,BATTLE,0 0,3 1=1003;4 3=1003;1 3=1002
1273,小怪,6 4=1002;7 4=1002;5 2=1001,,BATTLE,0 0,5 4=1001;6 3=1003;2 4=1003;4 3=1003
1274,小怪,4 4=1001;4 3=1002,,BATTLE,0 0,3 1=1002;7 2=1002;1 2=1001;7 3=1002;2 4=1003
1275,小怪,5 2=1002;2 3=1002,,BATTLE,0 0,7 2=1003;3 2=1003;1 3=1003
1276,小怪,1 2=1001;7 2=1002;3 1=1002,,BATTLE,0 0,1 3=1003;4 2=1003;4 1=1002;6 3=1001
1277,小怪,3 3=1001;2 3=1002,,BATTLE,0 0,7 3=1002;4 4=1001;7 2=1003;1 3=1001;6 3=1003;3 2=1002
1278,小怪,1 4=1002;5 2=1002,,BATTLE,0 0,3 2=1001;1 3=1003;3 1=1001;1 1=1001;4 4=1003
1279,小怪,5 1=1002;6 2=1002;7 1=1002,,BATTLE,0 0,1 4=1002;3 2=1001;6 3=1001
1280,小怪,5 3=1001;4 4=1002,,BATTLE,0 0,1 4=1002;2 3=1002;2 1=1002;7 4=1003
1281,小怪,6 2=1002;1 1=1001;2 4=1001,,BATTLE,0 0,3 2=1001;5 4=1001;4 3=1002;5 2=1002
1282,小怪,1 3=1002;2 4=1001;3 3=1002,,BATTLE,0 0,4 1=1001;5 4=1003;1 1=1001;6 1=1001;3 4=1003;7 3=1002
1283,小怪,3 2=1002;1 2=1002;6 1=1002,,BATTLE,0 0,6 4=1003;2 2=1001;4 2=1002
1284,小怪,3 4=1002;4 3=1001;4 4=1001,,BATTLE,0 0,5 1=1003;7 1=1002;7 4=1002;2 2=1003;1 1=1002
1285,小怪,2 3=1001;7 2=1001;1 1=1002,,BATTLE,0 0,7 4=1002;5 1=1001;3 2=1001
1286,小怪,6 4=1001;7 4=1002,,BATTLE,0 0,3 2=1002;4 3=1002;1 3=1001;7 3=1002;5 2=1002
1287,小怪,2 3=1001;7 4=1002,,BATTLE,0 0,7 1=1001;7 3=1002;1 3=1003;5 3=1001
1288,小怪,7 2=1002;4 3=1001,,BATTLE,0 0,5 1=1002;3 1=1001;3 4=1003
1289,小怪,5 4=1001;4 2=1001,,BATTLE,0 0,2 2=1002;2 1=1003;7 3=1003;6 4=1003;3 4=1001;2 3=1003
1290,小怪,4 3=1002;1 1=1001,,BATTLE,0 0,6 1=1002;2 4=1002;1 4=1003;5 2=1003;6 4=1001;5 3=1002
1291,小怪,6 1=1002;7 4=1002;3 2=1001,,BATTLE,0 0,6 4=1001;1 4=1003;5 1=1002
1292,小怪,4 2=1001;6 2=1002,,BATTLE,0 0,7 4=1001;3 1=1001;5 1=1003
1293,小怪,5 2=1001;2 2=1001,,BATTLE,0 0,4 4=1002;4 3=1003;7 1=1001
1294,小怪,1 3=1002;3 3=1001;7 3=1001,,BATTLE,0 0,4 2=1001;1 1=1001;2 2=1001;6 4=1003
1295,小怪,1 4=1002;4 1=1001,,BATTLE,0 0,7 1=1001;3 2=1002;3 4=1003;7 3=1002;1 2=1001
1296,小怪,6 3=1001;6 1=1001,,BATTLE,0 0,2 3=1001;5 3=1001;1 4=1003;1 3=1001;5 4=1001;7 1=1002
1297,小怪,6 3=1002;2 4=1001,,BATTLE,0 0,1 1=1001;1 4=1001;7 4=1003;4 3=1002;5 2=1003;6 2=1002
1298,小怪,3 3=1002;2 1=1002;6 1=1001,,BATTLE,0 0,5 2=1002;5 1=1001;4 1=1001;1 1=1003
1299,小怪,7 3=1001;6 3=1001;7 4=1002,,BATTLE,0 0,1 2=1003;4 4=1001;3 4=1003;7 1=1003
1300,小怪,4 3=1001;7 1=1001;3 1=1001,,BATTLE,0 0,7 2=1001;6 3=1002;2 1=1002
1301,小怪,4 3=1001;2 1=1001,,BATTLE,0 0,1 2=1002;5 4=1002;3 4=1003
1302,小怪,6 1=1002;6 4=1001,,BATTLE,0 0,2 3=1002;7 4=1003;4 4=1003;3 1=1003
1303,小怪,5 4=1002;1 2=1001;5 2=1002,,BATTLE,0 0,2 1=1001;7 3=1002;7 2=1002;4 3=1002;4 1=1001
1304,小怪,1 2=1002;3 1=1001;4 4=1002,,BATTLE,0 0,5 2=1003;7 2=1001;6 2=1001;3 4=1002;4 1=1001;5 3=1003
1305,小怪,7 2=1002;2 2=1002,,BATTLE,0 0,2 4=1002;2 3=1001;4 2=1003;4 3=1003;3 2=1002;7 3=1003
1306,小怪,7 3=1001;6 1=1002;5 3=1001,,BATTLE,0 0,4 3=1003;2 4=1002;4 4=1003;3 4=1003;4 1=1002
1307,小怪,2 2=1002;6 2=1001,,BATTLE,0 0,4 4=1003;3 1=1001;1 2=1002;7 4=1002
1308,小怪,6 3=1001;2 4=1001;4 3=1001,,BATTLE,0 0,1 2=1002;2 2=1001;6 2=1003;1 4=1002;7 1=1001;5 3=1001
1309,小怪,1 3=1001;3 1=1002;3 3=1001,,BATTLE,0 0,5 3=1002;7 3=1001;5 2=1002;7 4=1001;6 1=1002
1310,小怪,3 4=1001;5 2=1001;2 3=1001,,BATTLE,0 0,4 3=1003;2 2=1003;7 4=1002;4 1=1003
1311,小怪,6 4=1002;1 2=1001,,BATTLE,0 0,5 2=1002;3 2=1002;1 3=1001;4 3=1003;7 4=1001;3 3=1002
1312,小怪,1 3=1002;3 3=1001;5 2=1001,,BATTLE,0 0,1 4=1001;7 2=1002;6 4=1003;2 2=1003;4 4=1003
1313,小怪,2 4=1002;2 1=1001,,BATTLE,0 0,1 2=1001;3 3=1002;6 3=1001;5 1=1001;5 4=1001;3 1=1003
1314,小怪,6 3=1002;4 3=1002;5 3=1002,,BATTLE,0 0,3 4=1002;5 1=1003;2 1=1003;1 2=1002;7 1=1002
1315,小怪,3 1=1002;1 3=1002,,BATTLE,0 0,1 4=1003;6 1=1003;3 3=1001;4 1=1003;3 4=1002;7 1=1001
1316,小怪,5 4=1001;4 4=1002,,BATTLE,0 0,5 2=1002;7 4=1001;2 1=1002
1317,小怪,3 1=1001;4 3=1001,,BATTLE,0 0,3 2=1003;7 3=1003;4 1=1001;2 2=1001;6 1=1001;2 3=1003
1318,小怪,4 4=1002;1 4=1001,,BATTLE,0 0,4 3=1002;2 3=1003;3 4=1002;3 1=1003;5 3=1001;1 1=1003
1319,小怪,7 1=1001;7 3=1002,,BATTLE,0 0,2 3=1001;3 1=1003;4 4=1003;5 3=1003;5 4=1003
1320,小怪,3 4=1002;5 2=1002,,BATTLE,0 0,1 1=1003;5 1=1003;6 3=1001;4 3=1001;2 2=1003
1321,小怪,2 3=1001;3 1=1002;4 2=1002,,BATTLE,0 0,2 2=1001;7 1=1003;6 4=1001;7 2=1001;5 1=1002
1322,小怪,2 1=1002;4 1=1001,,BATTLE,0 0,3 4=1003;5 2=1001;1 2=1003
1323,小怪,1 1=1002;3 3=1001,,BATTLE,0 0,6 1=1002;3 1=1001;7 3=1003
1324,小怪,1 4=1001;7 1=1001;5 2=1001,,BATTLE,0 0,1 3=1001;1 2=1001;3 4=1002
1325,小怪,2 2=1002;4 3=1002;4 4=1002,,BATTLE,0 0,2 4=1003;1 1=1003;2 3=1003;6 1=1001;3 3=1001;3 1=1002
1326,小怪,3 4=1002;5 1=1001;6 1=1001,,BATTLE,0 0,5 4=1002;4 4=1001;4 1=1001;1 1=1003
1327,小怪,3 4=1001;6 1=1002,,BATTLE,0 0,2 4=1002;4 4=1001;1 1=1003;6 4=1001;4 2=1001;1 3=1001
1328,小怪,7 1=1001;4 4=1002,,BATTLE,0 0,1 3=1002;3 2=1002;2 2=1003;2 3=1002
1329,小怪,7 4=1001;1 3=1002,,BATTLE,0 0,3 1=1001;5 4=1001;5 2=1003;6 1=1003;6 2=1002;3 4=1002
1330,小怪,6 2=1002;6 4=1001,,BATTLE,0 0,6 1=1003;1 2=1001;2 3=1001;1 3=1001;3 3=1002;2 1=1002
1331,小怪,3 2=1001;3 4=1002,,BATTLE,0 0,1 3=1001;6 3=1002;2 3=1002;1 4=1001;7 2=1002
1332,小怪,6 3=1002;3 4=1001;5 2=1001,,BATTLE,0 0,3 3=1001;6 4=1003;2 2=1002;2 1=1001;1 2=1002;2 4=1003
1333,小怪,6 4=1002;7 2=1002;3 3=1001,,BATTLE,0 0,5 2=1003;5 3=1002;1 2=1003;4 3=1002;3 4=1003;6 2=1003
1334,小怪,5 3=1002;7 4=1002;5 2=1002,,BATTLE,0 0,7 1=1003;6 3=1002;1 3=1003;2 4=1001;4 4=1001;3 3=1003
1335,小怪,7 2=1004;6 3=1002;2 1=1001,,BATTLE,0 0,3 4=1001;2 4=1003;4 2=1003
1336,小怪,6 2=1003;5 1=1001;4 3=1003,,BATTLE,0 0,7 4=1003;6 1=1003;4 2=1001;6 4=1002;3 1=1001
1337,小怪,4 1=1002;6 4=1001;2 3=1004,,BATTLE,0 0,4 4=1002;1 3=1001;3 3=1002;4 2=1002
1338,小怪,1 1=1003;7 1=1004;3 2=1003;2 2=1004,,BATTLE,0 0,6 4=1002;6 3=1003;4 3=1002
1339,小怪,3 3=1002;2 1=1002;5 1=1003;6 1=1003,,BATTLE,0 0,4 3=1001;7 4=1002;7 1=1003;4 4=1001;7 3=1002;1 1=1003
1340,小怪,4 4=1003;5 3=1001;4 2=1001,,BATTLE,0 0,2 3=1001;5 4=1003;2 2=1002
1341,小怪,4 1=1004;6 1=1004;7 1=1003;7 4=1003,,BATTLE,0 0,3 2=1002;6 4=1002;6 2=1002;2 1=1003;7 3=1003
1342,小怪,4 3=1004;5 3=1004;4 1=1002;6 2=1003,,BATTLE,0 0,2 2=1001;1 2=1002;5 4=1003;7 1=1002
1343,小怪,3 2=1002;3 1=1003;2 1=1001,,BATTLE,0 0,6 4=1001;5 1=1002;1 3=1003;4 1=1002;1 2=1003;6 1=1003
1344,小怪,4 1=1001;6 3=1004;7 2=1004,,BATTLE,0 0,5 3=1002;1 4=1003;6 2=1002;2 3=1003;3 4=1003;7 4=1002
1345,小怪,2 4=1003;2 3=1002;7 2=1004,,BATTLE,0 0,5 3=1002;4 2=1002;2 1=1001;1 2=1001;1 1=1001
1346,小怪,7 2=1004;3 2=1004;1 4=1004,,BATTLE,0 0,6 4=1002;6 3=1003;5 3=1003
1347,小怪,5 4=1003;4 1=1001;4 3=1002;2 2=1003,,BATTLE,0 0,6 2=1003;4 4=1002;7 3=1002;3 1=1003
1348,小怪,2 4=1001;6 2=1002;4 2=1002;5 1=1004,,BATTLE,0 0,1 4=1001;5 2=1002;6 1=1002
1349,小怪,3 3=1004;6 4=1001;2 4=1002,,BATTLE,0 0,2 3=1001;4 2=1001;7 1=1003
1350,小怪,6 2=1004;5 3=1004;1 3=1002,,BATTLE,0 0,2 1=1001;1 4=1001;3 4=1003;7 4=1003
1351,小怪,3 1=1004;6 2=1001;4 4=1002,,BATTLE,0 0,5 2=1002;7 4=1001;3 2=1003
1352,小怪,4 1=1002;1 2=1004;5 1=1004;1 4=1001,,BATTLE,0 0,3 3=1003;7 1=1003;2 2=1001;3 4=1002
1353,小怪,4 3=1002;3 4=1003;7 3=1003;6 2=1001,,BATTLE,0 0,4 2=1001;5 1=1003;4 4=1003;7 1=1003;6 4=1003;5 2=1001
1354,小怪,2 4=1001;7 2=1002;4 1=1001;5 4=1003,,BATTLE,0 0,7 3=1002;3 2=1002;6 2=1002;6 1=1001;6 4=1003
1355,小怪,4 3=1004;5 2=1002;4 4=1003;3 3=1004,,BATTLE,0 0,7 1=1001;6 3=1003;1 1=1003
1356,小怪,1 2=1002;6 1=1004;1 3=1001;3 3=1002,,BATTLE,0 0,3 1=1003;7 3=1003;4 1=1002;4 2=1002;5 4=1001
1357,小怪,6 3=1002;1 3=1001;3 4=1001,,BATTLE,0 0,5 4=1003;3 3=1003;3 2=1003;2 4=1003
1358,小怪,5 3=1001;2 4=1002;3 1=1003;1 2=1002,,BATTLE,0 0,5 1=1003;2 3=1002;7 3=1001;6 3=1002;1 1=1002;4 3=1001
1359,小怪,7 1=1003;2 1=1002;1 2=1001,,BATTLE,0 0,2 4=1002;4 1=1002;2 3=1002;4 3=1002
1360,小怪,1 3=1002;2 2=1002;7 2=1001,,BATTLE,0 0,2 1=1003;2 3=1003;7 3=1003;3 1=1001
1361,小怪,2 4=1004;3 1=1002;5 3=1004,,BATTLE,0 0,5 1=1003;6 1=1002;1 3=1002;5 2=1002
1362,小怪,4 3=1001;5 2=1004;3 3=1002,,BATTLE,0 0,7 1=1002;1 1=1001;4 1=1001
1363,小怪,3 4=1001;1 4=1003;2 4=1002;3 3=1002,,BATTLE,0 0,7 4=1002;6 2=1002;6 1=1002;5 3=1001;6 4=1003;4 1=1002
1364,小怪,2 4=1003;7 4=1001;1 3=1001,,BATTLE,0 0,1 1=1003;2 2=1001;3 1=1001;5 4=1001;7 2=1002
1365,小怪,5 1=1004;2 2=1001;4 2=1001,,BATTLE,0 0,1 4=1003;6 2=1002;1 2=1003
1366,小怪,2 4=1003;4 3=1003;1 4=1002,,BATTLE,0 0,7 3=1002;6 4=1001;6 2=1001;2 1=1001;1 2=1003;4 2=1003
1367,小怪,2 1=1001;1 3=1002;4 2=1001,,BATTLE,0 0,5 2=1002;4 1=1003;2 3=1001;7 1=1003
1368,小怪,1 1=1002;3 2=1001;2 1=1001,,BATTLE,0 0,7 1=1002;7 2=1001;3 1=1002;5 3=1003;1 3=1003
1369,小怪,6 4=1002;3 2=1003;3 3=1004,,BATTLE,0 0,2 2=1001;6 2=1001;3 4=1002;2 1=1003;1 3=1002;5 3=1003
1370,小怪,3 3=1001;1 3=1002;4 1=1004,,BATTLE,0 0,1 1=1003;6 1=1003;7 4=1002;3 2=1001;7 3=1002
1371,小怪,2 3=1001;1 4=1003;4 1=1003,,BATTLE,0 0,5 1=1002;6 3=1001;5 3=1002;3 4=1003;4 4=1003
1372,小怪,2 2=1001;4 3=1001;7 3=1003,,BATTLE,0 0,5 3=1001;2 1=1002;6 2=1001;7 2=1003;1 1=1002;5 1=1001
1373,小怪,2 4=1004;2 1=1001;1 3=1003;1 4=1003,,BATTLE,0 0,5 1=1003;5 3=1002;3 3=1001;4 1=1003
1374,小怪,5 3=1003;5 2=1004;2 2=1003;3 1=1002,,BATTLE,0 0,1 2=1002;4 1=1001;3 2=1003;7 3=1001
1375,小怪,6 3=1001;4 1=1001;6 4=1001;7 1=1002,,BATTLE,0 0,1 2=1001;3 2=1002;5 1=1001;3 4=1002;5 2=1003;7 4=1002
1376,小怪,3 1=1004;3 4=1001;4 1=1001;5 1=1004,,BATTLE,0 0,1 1=1002;2 1=1001;6 4=1002
1377,小怪,2 3=1004;4 3=1001;5 3=1001;1 4=1001,,BATTLE,0 0,4 4=1002;7 1=1003;3 1=1002;1 1=1003;7 4=1001;3 3=1001
1378,小怪,2 1=1001;5 1=1004;4 4=1003,,BATTLE,0 0,7 4=1003;7 3=1001;3 2=1003;5 4=1001
1379,小怪,1 2=1002;3 1=1003;3 2=1004;3 3=1001,,BATTLE,0 0,1 4=1002;2 1=1001;4 3=1001;2 4=1001;7 4=1002;7 3=1002
1380,小怪,4 4=1003;6 3=1004;5 1=1003;3 1=1004,,BATTLE,0 0,4 3=1002;1 3=1001;1 4=1003;2 1=1002
1381,小怪,6 4=1004;3 4=1003;1 3=1004;4 1=1004,,BATTLE,0 0,1 1=1003;7 2=1001;5 1=1003;5 3=1003;3 2=1001;6 2=1003
1382,小怪,6 2=1002;3 3=1004;7 2=1001,,BATTLE,0 0,4 4=1002;4 2=1003;1 3=1002;3 2=1003;7 1=1001;5 3=1001
1383,小怪,7 1=1001;7 3=1003;2 1=1004,,BATTLE,0 0,7 4=1002;3 2=1002;5 2=1001;2 3=1003
1384,小怪,2 2=1004;3 3=1003;2 4=1002,,BATTLE,0 0,1 2=1001;3 2=1001;7 1=1002
1385,小怪,1 2=1003;5 1=1002;2 4=1004;1 1=1002,,BATTLE,0 0,4 2=1003;7 2=1002;6 4=1003;2 2=1001
1386,小怪,7 2=1003;1 2=1003;2 3=1003;5 2=1004,,BATTLE,0 0,7 3=1003;3 2=1001;4 3=1001;4 1=1001
1387,小怪,1 2=1002;6 1=1003;6 2=1003;3 1=1001,,BATTLE,0 0,2 1=1003;1 3=1002;1 4=1001
1388,小怪,6 2=1003;1 2=1003;5 4=1004;4 4=1003,,BATTLE,0 0,7 3=1001;4 2=1001;7 4=1003;3 2=1002
1389,小怪,1 4=1004;5 3=1001;4 1=1001;1 2=1003,,BATTLE,0 0,4 2=1002;3 4=1001;5 2=1001;3 3=1003
1390,小怪,7 3=1004;1 3=1002;2 3=1004,,BATTLE,0 0,6 1=1002;6 4=1001;1 1=1001
1391,小怪,5 1=1004;3 3=1001;4 4=1003,,BATTLE,0 0,7 2=1003;4 2=1001;1 1=1002;4 1=1001
1392,小怪,2 4=1001;1 4=1002;6 1=1002;1 3=1004,,BATTLE,0 0,2 1=1003;7 4=1002;4 2=1002;3 4=1002;4 4=1001;6 4=1003
1393,小怪,3 4=1003;7 4=1002;1 2=1001;7 1=1001,,BATTLE,0 0,4 4=1001;1 1=1002;2 4=1002;3 3=1001
1394,小怪,2 4=1002;5 3=1003;4 4=1002;3 2=1003,,BATTLE,0 0,7 2=1003;2 1=1001;2 2=1003;7 3=1003;1 4=1002
1395,小怪,6 2=1002;1 3=1001;5 4=1003,,BATTLE,0 0,4 2=1002;6 3=1003;7 3=1002
1396,小怪,3 1=1001;3 2=1004;4 2=1001,,BATTLE,0 0,1 3=1002;2 4=1002;4 1=1001
1397,小怪,6 3=1004;7 3=1001;7 2=1004;7 4=1004,,BATTLE,0 0,1 2=1001;3 4=1003;2 3=1003;6 1=1001;1 4=1003
1398,小怪,6 3=1001;2 3=1002;5 3=1001,,BATTLE,0 0,4 4=1002;1 1=1002;1 4=1002;2 2=1001;1 3=1003;7 2=1001
1399,小怪,1 3=1004;2 2=1002;4 2=1001;7 3=1003,,BATTLE,0 0,5 1=1001;3 4=1001;3 3=1002;3 1=1001;1 2=1001
1400,小怪,4 4=1004;2 2=1003;1 4=1001,,BATTLE,0 0,7 1=1002;5 3=1003;1 3=1003;7 2=1003;5 2=1003
1401,小怪,1 4=1003;6 2=1003;5 2=1003,,BATTLE,0 0,5 3=1001;6 3=1001;5 4=1002
1402,小怪,6 3=1001;3 4=1003;4 2=1003,,BATTLE,0 0,3 1=1001;7 4=1001;4 3=1001;1 2=1001
1403,小怪,6 2=1001;2 3=1001;2 1=1002,,BATTLE,0 0,5 3=1002;4 4=1002;7 1=1002;6 3=1002;7 2=1003;6 1=1003
1404,小怪,5 3=1002;2 2=1002;6 4=1002,,BATTLE,0 0,5 1=1003;6 1=1002;1 4=1003
1405,小怪,4 3=1002;4 1=1003;1 4=1003;5 3=1003,,BATTLE,0 0,7 4=1003;3 2=1002;2 4=1001;6 3=1003
1406,小怪,6 4=1004;7 3=1002;1 1=1004,,BATTLE,0 0,3 3=1001;6 3=1003;5 1=1001;3 4=1002
1407,小怪,6 3=1001;5 4=1004;7 2=1001;4 3=1001,,BATTLE,0 0,3 3=1002;5 3=1003;3 1=1001;1 4=1003;5 2=1002
1408,小怪,1 1=1002;7 2=1004;1 3=1002,,BATTLE,0 0,4 1=1001;5 1=1002;6 4=1002;2 1=1001
1409,小怪,3 4=1002;5 4=1003;7 3=1002,,BATTLE,0 0,5 2=1001;6 4=1003;3 3=1002;1 1=1002;6 3=1003;1 3=1001
1410,小怪,5 4=1001;2 3=1004;1 4=1003,,BATTLE,0 0,2 4=1003;3 1=1001;4 2=1003;6 3=1003;7 2=1002;7 4=1001
1411,小怪,4 4=1003;7 2=1003;7 4=1001;4 1=1001,,BATTLE,0 0,4 3=1002;3 3=1003;6 3=1001;6 2=1002;2 3=1002
1412,小怪,7 3=1004;5 3=1003;6 3=1004,,BATTLE,0 0,4 2=1003;1 4=1003;1 1=1003;1 3=1003;3 3=1003
1413,小怪,2 2=1004;5 1=1003;3 2=1003,,BATTLE,0 0,4 3=1002;2 4=1001;6 3=1003
1414,小怪,3 1=1001;3 3=1002;2 2=1002;7 4=1002,,BATTLE,0 0,1 4=1002;2 4=1001;3 2=1002;3 4=1002;7 2=1003
1415,小怪,4 4=1004;2 1=1003;4 3=1003;6 4=1003,,BATTLE,0 0,1 3=1003;2 4=1003;3 3=1002;1 1=1003;6 1=1002
1416,小怪,7 1=1004;1 2=1001;5 4=1001;3 1=1002,,BATTLE,0 0,3 4=1002;4 4=1002;5 1=1001;6 3=1001;4 3=1002
1417,小怪,4 2=1002;3 4=1002;7 3=1002;5 2=1003,,BATTLE,0 0,2 2=1002;7 1=1001;2 3=1003;1 4=1001
1418,小怪,4 1=1002;7 3=1002;5 2=1002;3 4=1002,,BATTLE,0 0,2 1=1001;4 2=1003;6 4=1003
1419,小怪,6 1=1001;1 1=1003;5 2=1002;4 2=1001,,BATTLE,0 0,3 1=1002;4 1=1002;1 2=1003;1 3=1002;3 4=1003
1420,小怪,5 2=1002;1 1=1002;5 1=1001,,BATTLE,0 0,6 4=1001;2 4=1003;5 3=1002;6 1=1002
1421,小怪,5 2=1002;3 2=1003;1 1=1003;4 3=1002,,BATTLE,0 0,7 4=1002;6 4=1003;1 2=1002;3 3=1001;1 4=1002
1422,小怪,5 4=1001;1 2=1004;3 1=1003;1 4=1001,,BATTLE,0 0,7 1=1003;3 3=1002;6 1=1002;7 2=1003;4 1=1001
1423,小怪,2 2=1004;2 1=1001;7 3=1003,,BATTLE,0 0,7 1=1001;2 4=1003;4 2=1002;4 4=1001
1424,小怪,6 3=1002;7 3=1002;2 4=1003;5 3=1004,,BATTLE,0 0,4 4=1001;1 3=1001;3 2=1001;7 2=1003;3 4=1003
1425,小怪,4 1=1004;6 1=1004;6 4=1003,,BATTLE,0 0,2 1=1002;2 3=1002;2 4=1003;7 1=1003;5 2=1003;4 4=1001
1426,小怪,3 3=1004;6 4=1003;6 2=1004;6 1=1002,,BATTLE,0 0,1 4=1002;4 4=1003;7 2=1002;6 3=1002;2 2=1002
1427,小怪,5 1=1003;2 3=1003;3 3=1001,,BATTLE,0 0,5 3=1003;7 4=1001;7 1=1002
1428,小怪,6 4=1004;2 1=1001;3 1=1004;2 2=1002,,BATTLE,0 0,7 3=1003;5 2=1001;1 1=1003;3 3=1001;1 4=1001
1429,小怪,6 1=1001;7 3=1001;4 4=1004,,BATTLE,0 0,5 3=1002;5 4=1001;1 1=1001
1430,小怪,7 3=1001;1 1=1003;6 1=1002;3 3=1001,,BATTLE,0 0,2 2=1002;4 3=1002;7 4=1003
1431,小怪,4 3=1003;3 1=1001;4 2=1003;2 4=1002,,BATTLE,0 0,1 4=1001;7 4=1002;6 4=1003;5 2=1002
1432,小怪,6 2=1001;5 1=1003;1 2=1003,,BATTLE,0 0,3 4=1001;6 1=1002;4 4=1003;7 1=1001;1 1=1001
1433,小怪,5 1=1002;4 2=1004;4 4=1003;2 1=1003,,BATTLE,0 0,3 4=1002;2 2=1002;6 1=1002
1434,小怪,6 2=1001;4 2=1004;1 1=1002;1 3=1003,,BATTLE,0 0,7 3=1001;5 2=1002;5 3=1003;4 3=1003;7 1=1002;7 2=1002
1435,小怪,3 1=1003;1 3=1004;3 3=1004;2 2=1001,,BATTLE,0 0,2 4=1001;7 4=1001;3 2=1003;4 4=1003
1436,小怪,7 3=1001;3 2=1004;4 4=1004;1 3=1002,,BATTLE,0 0,6 1=1002;2 3=1002;5 1=1001;1 1=1002;2 1=1002
1437,小怪,2 1=1002;5 1=1001;2 4=1003,,BATTLE,0 0,4 1=1003;6 3=1001;6 1=1003
1438,小怪,2 4=1003;1 1=1002;6 2=1004;2 3=1001,,BATTLE,0 0,5 1=1002;4 2=1003;4 1=1001
1439,小怪,7 4=1002;5 1=1002;3 4=1004;7 2=1004,,BATTLE,0 0,6 1=1002;2 4=1002;2 1=1002;7 3=1003;6 3=1002
1440,小怪,3 3=1002;3 2=1004;6 3=1002;7 2=1003,,BATTLE,0 0,7 4=1003;7 3=1002;5 2=1002
1441,小怪,6 4=1004;4 4=1003;2 1=1004,,BATTLE,0 0,1 2=1001;4 3=1002;7 3=1001;4 2=1002;7 4=1001;1 1=1003
1442,小怪,3 2=1004;1 4=1002;3 1=1004;7 4=1004,,BATTLE,0 0,7 3=1002;5 3=1003;3 4=1003
1443,小怪,4 4=1001;5 2=1004;4 1=1001,,BATTLE,0 0,2 4=1001;7 3=1002;1 4=1002
1444,小怪,3 3=1004;6 1=1001;3 2=1002;1 4=1003,,BATTLE,0 0,4 4=1002;1 2=1003;1 3=1002
1445,小怪,1 3=1004;2 1=1003;4 1=1002;4 2=1003,,BATTLE,0 0,2 2=1002;1 2=1001;4 4=1003
1446,小怪,2 3=1002;4 3=1001;5 2=1003,,BATTLE,0 0,6 4=1003;6 1=1002;7 1=1001;7 3=1001;5 4=1003;1 1=1003
1447,小怪,4 4=1004;3 3=1001;2 2=1002;1 3=1003,,BATTLE,0 0,7 2=1001;4 2=1002;2 4=1001;6 4=1002
1448,小怪,2 1=1002;4 3=1003;4 2=1002,,BATTLE,0 0,1 2=1001;6 2=1002;2 3=1001
1449,小怪,2 1=1001;1 2=1002;2 3=1002,,BATTLE,0 0,3 3=1003;7 4=1002;7 2=1003;1 1=1001
1450,小怪,2 1=1002;7 4=1004;4 2=1002,,BATTLE,0 0,5 1=1001;3 1=1001;6 2=1003;2 3=1003
1451,小怪,5 3=1004;3 1=1004;2 3=1002;5 4=1004,,BATTLE,0 0,4 4=1002;2 2=1002;4 2=1001
1452,小怪,6 4=1003;2 4=1004;4 4=1003,,BATTLE,0 0,3 3=1002;6 2=1002;3 4=1003
1453,小怪,5 2=1002;4 1=1004;4 3=1003,,BATTLE,0 0,7 3=1003;1 3=1003;2 4=1001;6 3=1001;2 1=1003
1454,小怪,2 4=1002;3 3=1002;7 2=1002,,BATTLE,0 0,5 4=1002;4 4=1001;7 4=1001;1 4=1002;5 1=1003;2 1=1003
1455,小怪,6 4=1003;5 4=1003;3 4=1001;1 4=1001,,BATTLE,0 0,6 1=1002;1 2=1001;6 2=1002;1 1=1003;4 1=1001
1456,小怪,7 4=1002;7 2=1001;7 1=1003;5 3=1002,,BATTLE,0 0,1 2=1003;3 1=1001;2 1=1003;4 2=1003;2 3=1001;4 1=1002
1457,小怪,5 1=1002;4 3=1003;3 2=1003;2 2=1004,,BATTLE,0 0,3 4=1002;7 3=1003;5 4=1001;6 2=1003;4 1=1001
1458,小怪,5 2=1003;1 2=1003;6 3=1004;2 2=1002,,BATTLE,0 0,4 2=1002;3 1=1003;1 3=1002
1459,小怪,2 4=1003;6 4=1003;4 4=1002,,BATTLE,0 0,5 4=1002;2 2=1003;7 3=1002;5 3=1002;3 2=1003;7 4=1002
1460,小怪,7 4=1003;4 1=1002;6 2=1002,,BATTLE,0 0,5 1=1001;2 3=1001;6 3=1003;3 4=1001;7 2=1001;3 1=1001
1461,小怪,2 4=1003;5 2=1003;4 3=1003,,BATTLE,0 0,4 2=1002;1 2=1002;5 1=1001
1462,小怪,3 4=1002;1 2=1001;3 2=1002;3 1=1002,,BATTLE,0 0,1 3=1002;7 3=1003;1 4=1002;5 2=1001;1 1=1002;7 2=1002
1463,小怪,5 3=1004;3 2=1001;4 3=1001;3 3=1002,,BATTLE,0 0,2 4=1001;6 4=1003;4 2=1001;5 4=1003;6 3=1003
1464,小怪,2 4=1003;1 2=1004;5 2=1002,,BATTLE,0 0,3 4=1001;3 1=1003;5 3=1001;6 2=1001;2 2=1001
1465,小怪,6 4=1003;4 4=1002;1 1=1004;5 2=1002,,BATTLE,0 0,1 4=1001;5 4=1002;4 2=1003;1 3=1003;6 3=1003
1466,小怪,6 2=1001;1 4=1001;1 2=1002;3 2=1004,,BATTLE,0 0,4 2=1003;1 1=1003;5 3=1002;6 4=1002;7 1=1001;1 3=1001
1467,小怪,6 2=1001;7 1=1003;2 4=1001;4 3=1004,,BATTLE,0 0,3 1=1003;5 1=1001;2 2=1003;5 4=1001;1 2=1003;3 3=1003
1468,小怪,6 3=1004;1 2=1004;6 1=1001;6 4=1002,,BATTLE,0 0,4 4=1001;3 2=1003;4 2=1003
1469,小怪,7 2=1002;1 1=1003;1 2=1002,,BATTLE,0 0,6 4=1003;2 4=1003;4 4=1002;4 3=1002;2 3=1002
1470,小怪,6 1=1002;3 4=1001;5 4=1004;1 1=1003,,BATTLE,0 0,4 3=1002;5 3=1003;5 2=1002;7 2=1002;2 3=1001;6 4=1002
1471,小怪,3 1=1004;1 3=1002;7 3=1004,,BATTLE,0 0,6 1=1001;2 2=1001;7 2=1001
1472,小怪,1 3=1002;1 2=1003;3 2=1002,,BATTLE,0 0,7 1=1003;7 4=1001;5 1=1002
1473,小怪,6 1=1003;2 2=1003;3 1=1001,,BATTLE,0 0,4 3=1001;2 3=1003;2 4=1001
1474,小怪,5 1=1004;5 4=1004;1 4=1004;3 2=1004,,BATTLE,0 0,2 4=1003;1 3=1003;6 1=1002;2 3=1002;5 2=1002
1475,小怪,1 1=1001;2 4=1004;3 2=1004,,BATTLE,0 0,6 1=1001;5 2=1003;7 4=1002;3 4=1002;1 3=1002;3 3=1001
1476,小怪,7 2=1003;4 3=1001;4 4=1002,,BATTLE,0 0,6 3=1001;5 3=1001;2 2=1003;3 3=1001;2 1=1001
1477,小怪,7 2=1001;4 1=1001;5 3=1001;5 4=1004,,BATTLE,0 0,5 2=1003;4 4=1002;6 1=1001;4 3=1002;2 4=1001;6 4=1001
1478,小怪,5 4=1004;2 3=1003;6 1=1001,,BATTLE,0 0,7 3=1001;5 2=1001;1 2=1003;6 3=1002
1479,小怪,3 3=1001;2 3=1004;2 4=1003;4 2=1002,,BATTLE,0 0,4 3=1003;1 2=1003;1 3=1003
1480,小怪,1 1=1003;7 1=1001;4 2=1002;3 1=1002,,BATTLE,0 0,3 3=1003;2 2=1002;4 4=1001;7 3=1002
1481,小怪,5 1=1002;4 1=1001;7 2=1001,,BATTLE,0 0,1 1=1001;3 4=1003;5 4=1002
1482,小怪,1 2=1001;1 4=1001;1 3=1002;7 3=1003,,BATTLE,0 0,7 2=1001;7 4=1001;5 4=1003
1483,小怪,7 2=1002;1 3=1002;4 2=1003,,BATTLE,0 0,5 2=1003;2 3=1002;1 4=1003
1484,小怪,1 4=1003;3 1=1003;4 1=1003;5 3=1002,,BATTLE,0 0,2 4=1002;6 4=1003;3 2=1002
1485,小怪,4 3=1001;7 2=1004;2 3=1003;3 1=1003,,BATTLE,0 0,3 2=1002;5 2=1002;3 3=1003;2 2=1003
1486,小怪,1 3=1001;1 4=1004;7 2=1003,,BATTLE,0 0,1 1=1002;6 2=1001;4 3=1002;4 4=1002;4 2=1003
1487,小怪,3 3=1004;7 4=1002;6 4=1004,,BATTLE,0 0,1 2=1003;4 4=1002;5 1=1002
1488,小怪,7 1=1001;5 1=1002;4 1=1004,,BATTLE,0 0,7 2=1002;2 2=1002;5 4=1002;5 3=1003;2 3=1003;7 3=1003
1489,小怪,1 2=1001;1 1=1001;7 4=1001;4 1=1004,,BATTLE,0 0,5 4=1003;6 4=1001;5 2=1001;7 1=1002
1490,小怪,6 4=1002;4 3=1003;7 4=1004,,BATTLE,0 0,3 2=1001;4 2=1002;4 4=1003;5 2=1001;3 3=1001
1491,小怪,5 1=1004;7 3=1004;5 2=1002;3 1=1002,,BATTLE,0 0,1 2=1001;3 4=1002;6 2=1001;6 3=1001
1492,小怪,6 3=1002;5 1=1003;2 1=1003;2 4=1004,,BATTLE,0 0,7 2=1001;6 1=1002;1 3=1002;3 2=1003;7 4=1001
1493,小怪,6 4=1003;1 2=1001;5 4=1004,,BATTLE,0 0,2 3=1003;4 1=1003;2 4=1003
1494,小怪,2 3=1001;4 4=1002;1 4=1004,,BATTLE,0 0,6 2=1003;6 1=1002;7 4=1003;7 2=1001;4 3=1001;1 1=1001
1495,小怪,3 4=1004;7 3=1001;7 4=1003,,BATTLE,0 0,2 4=1001;1 1=1002;4 2=1002;2 2=1003;4 1=1001
1496,小怪,4 2=1003;7 3=1002;2 2=1001;7 1=1003,,BATTLE,0 0,7 4=1003;4 4=1002;5 3=1002;1 1=1003;2 4=1001;2 3=1001
1497,小怪,5 2=1004;4 4=1003;1 2=1001;4 1=1004,,BATTLE,0 0,7 2=1003;5 3=1003;2 4=1003;6 1=1002;3 2=1002
1498,小怪,1 3=1002;1 1=1002;3 1=1004;4 4=1001,,BATTLE,0 0,5 3=1001;1 2=1002;5 1=1001;7 4=1001
1499,小怪,4 3=1002;5 1=1004;1 1=1003,,BATTLE,0 0,6 2=1001;6 3=1002;3 4=1002
1500,小怪,5 3=1004;6 2=1003;5 2=1002,,BATTLE,0 0,6 3=1003;3 4=1002;2 2=1003;4 2=1001
1501,小怪,1 3=1003;3 2=1004;1 4=1001,,BATTLE,0 0,7 2=1002;5 4=1003;3 1=1001;7 1=1002;6 1=1003;4 2=1003
1502,小怪,7 3=1002;4 4=1003;3 1=1001,,BATTLE,0 0,1 1=1003;4 2=1002;7 1=1002;2 3=1001
1503,小怪,7 4=1001;6 2=1001;1 1=1004,,BATTLE,0 0,7 2=1001;4 4=1002;7 3=1003
1504,小怪,2 4=1004;2 1=1001;1 1=1003,,BATTLE,0 0,3 4=1003;4 4=1003;1 4=1001;7 2=1003
1505,小怪,2 4=1002;1 2=1002;1 3=1002,,BATTLE,0 0,2 1=1003;6 3=1002;4 1=1003;2 3=1002;7 1=1003
1506,小怪,4 4=1004;1 2=1001;1 4=1003,,BATTLE,0 0,6 1=1002;2 3=1002;6 2=1001
1507,小怪,4 1=1003;5 3=1004;4 3=1003,,BATTLE,0 0,5 2=1002;2 3=1002;7 2=1002;1 4=1001;3 2=1002;7 4=1002
1508,小怪,2 3=1001;6 3=1001;4 1=1002,,BATTLE,0 0,2 1=1003;7 3=1003;5 4=1001;4 3=1002;3 1=1002
1509,小怪,3 1=1003;2 1=1003;6 1=1003;7 2=1001,,BATTLE,0 0,2 2=1001;7 4=1003;4 3=1003;7 3=1002;3 2=1002
1510,小怪,3 4=1001;5 1=1003;1 4=1004,,BATTLE,0 0,3 1=1003;7 1=1001;7 2=1003;7 4=1001;2 4=1003;5 3=1001
1511,小怪,3 3=1002;1 3=1001;6 3=1002,,BATTLE,0 0,2 4=1003;5 3=1002;1 1=1001;2 2=1001;4 4=1001
1512,小怪,1 3=1001;6 2=1003;5 3=1002;6 3=1001,,BATTLE,0 0,5 2=1001;3 3=1001;3 1=1001;2 1=1002;3 4=1001
1513,小怪,5 4=1001;2 3=1002;1 4=1002;2 2=1003,,BATTLE,0 0,5 3=1003;6 3=1002;6 2=1001;5 2=1002;4 1=1001;1 1=1001
1514,小怪,5 2=1002;4 2=1001;6 3=1004,,BATTLE,0 0,2 4=1003;1 4=1003;3 2=1003;4 1=1003;1 3=1001;4 3=1003
1515,小怪,4 3=1004;5 1=1002;2 3=1001,,BATTLE,0 0,5 2=1003;7 1=1001;4 2=1003;5 4=1002
1516,小怪,4 3=1002;1 2=1002;3 3=1004;7 2=1002,,BATTLE,0 0,5 2=1003;2 4=1003;1 4=1001;4 4=1003;7 3=1003
1517,小怪,4 4=1001;7 4=1002;3 3=1004,,BATTLE,0 0,6 2=1003;7 2=1001;1 4=1003;5 3=1002;4 2=1003;5 1=1003
1518,小怪,3 2=1004;3 3=1001;3 4=1003;6 3=1004,,BATTLE,0 0,5 1=1002;3 1=1002;4 1=1002;2 1=1003
1519,小怪,2 2=1001;6 2=1003;1 3=1001;1 1=1002,,BATTLE,0 0,4 2=1001;2 4=1001;7 2=1003;4 3=1002;6 1=1002
1520,小怪,1 2=1001;4 2=1003;6 3=1002,,BATTLE,0 0,2 3=1002;6 2=1001;3 3=1001
1521,小怪,3 4=1003;5 2=1003;1 1=1002,,BATTLE,0 0,2 2=1002;3 3=1003;1 3=1002;5 1=1002
1522,小怪,1 2=1003;7 2=1001;3 4=1001;1 1=1003,,BATTLE,0 0,4 4=1002;3 1=1002;5 4=1001
1523,小怪,2 3=1001;4 4=1001;2 4=1002,,BATTLE,0 0,3 2=1001;6 1=1002;2 1=1001
1524,小怪,7 2=1001;4 3=1001;3 3=1002;1 3=1001,,BATTLE,0 0,6 4=1003;7 4=1002;2 1=1002;2 4=1002
1525,小怪,4 1=1002;6 3=1002;5 1=1002,,BATTLE,0 0,6 4=1001;1 1=1003;2 3=1001;3 3=1001;1 3=1001
1526,小怪,2 1=1001;2 4=1004;2 3=1004;5 4=1002,,BATTLE,0 0,3 2=1002;3 1=1003;3 4=1003;1 3=1001;6 4=1002
1527,小怪,6 4=1002;3 1=1001;5 1=1003,,BATTLE,0 0,3 2=1002;6 2=1001;7 4=1001
1528,小怪,6 2=1004;5 1=1002;2 1=1003,,BATTLE,0 0,3 1=1003;3 3=1001;6 4=1001
1529,小怪,4 2=1004;3 4=1003;3 1=1004;6 3=1004,,BATTLE,0 0,3 3=1002;1 1=1001;7 2=1002;6 2=1002
1530,小怪,7 3=1003;5 1=1002;4 2=1002,,BATTLE,0 0,3 4=1001;4 4=1002;6 2=1002;4 3=1003;5 4=1003;5 2=1001
1531,小怪,7 4=1001;5 3=1002;1 3=1004,,BATTLE,0 0,4 4=1003;6 3=1002;5 4=1001;1 1=1001
1532,小怪,4 1=1004;6 4=1002;3 1=1001,,BATTLE,0 0,1 1=1002;7 1=1002;2 4=1001;5 2=1003;5 1=1003
1533,小怪,1 3=1001;5 4=1003;2 3=1002,,BATTLE,0 0,4 1=1002;1 1=1003;6 4=1001;4 4=1003;5 2=1003
1534,小怪,5 1=1002;2 1=1001;2 3=1003;7 4=1004,,BATTLE,0 0,5 3=1002;6 4=1003;2 2=1003;3 2=1003;4 2=1002
1535,小怪,1 2=1002;5 3=1003;6 1=1004,,BATTLE,0 0,5 2=1002;2 3=1001;7 2=1001
1536,小怪,6 4=1004;2 4=1002;3 1=1003,,BATTLE,0 0,2 1=1002;3 3=1002;4 2=1002;5 1=1003;3 4=1001;3 2=1001
1537,小怪,2 1=1002;2 2=1001;3 1=1002;1 2=1001,,BATTLE,0 0,4 2=1002;1 1=1003;7 2=1003;5 1=1001
1538,小怪,2 4=1001;1 2=1002;6 2=1001;1 4=1004,,BATTLE,0 0,1 1=1003;4 2=1003;2 1=1001;6 4=1003
1539,小怪,3 3=1002;5 1=1001;4 4=1003;2 1=1004,,BATTLE,0 0,1 3=1002;2 4=1003;7 2=1002;1 2=1003;5 4=1002;7 3=1001
1540,小怪,6 1=1002;5 1=1002;2 1=1002,,BATTLE,0 0,3 3=1001;4 2=1001;6 4=1001;7 2=1001;4 1=1002;3 2=1003
1541,小怪,3 1=1003;1 2=1001;7 4=1003,,BATTLE,0 0,5 2=1003;6 1=1001;2 3=1002;4 1=1001;5 4=1001
1542,小怪,1 1=1004;5 3=1003;6 2=1002,,BATTLE,0 0,2 3=1001;2 2=1003;7 2=1002;3 4=1002
1543,小怪,4 4=1004;4 1=1004;6 4=1003,,BATTLE,0 0,5 1=1003;2 4=1003;5 2=1003;2 2=1002
1544,小怪,5 3=1003;5 4=1003;4 3=1001;3 1=1004,,BATTLE,0 0,7 2=1003;1 2=1003;1 4=1003;2 2=1002;3 3=1001
1545,小怪,1 1=1001;7 2=1003;2 2=1001,,BATTLE,0 0,4 2=1003;2 4=1001;2 1=1001;4 1=1002;1 3=1002
1546,小怪,7 2=1003;3 3=1001;7 1=1001,,BATTLE,0 0,6 3=1003;2 2=1001;1 1=1002;1 3=1001;2 1=1002;4 3=1002
1547,小怪,3 1=1004;4 1=1001;5 1=1004,,BATTLE,0 0,2 2=1002;2 1=1003;1 1=1001
1548,小怪,5 1=1004;2 3=1004;1 3=1003,,BATTLE,0 0,3 2=1003;5 4=1003;6 3=1002;5 2=1001;3 1=1002;7 4=1002
1549,小怪,4 4=1001;2 1=1002;6 3=1001;1 2=1001,,BATTLE,0 0,5 4=1001;5 3=1003;7 3=1001;3 3=1001;4 1=1002;1 3=1001
1550,小怪,5 3=1004;2 1=1003;1 2=1003,,BATTLE,0 0,1 4=1002;4 1=1001;5 1=1001;7 3=1002;3 3=1003
1551,小怪,4 3=1003;7 1=1002;3 2=1002,,BATTLE,0 0,7 2=1002;7 3=1002;5 3=1002;3 1=1001;4 2=1001;4 4=1001
1552,小怪,2 1=1003;3 3=1001;3 2=1001;4 3=1002,,BATTLE,0 0,7 2=1002;4 1=1001;2 3=1002;6 2=1003
1553,小怪,6 4=1004;4 4=1004;1 4=1001;3 1=1003,,BATTLE,0 0,4 3=1002;7 1=1002;6 2=1003
1554,小怪,2 2=1002;6 1=1001;6 2=1002,,BATTLE,0 0,7 1=1001;2 1=1001;3 2=1002;4 3=1003;5 3=1002
1555,小怪,4 2=1002;3 3=1002;7 4=1002,,BATTLE,0 0,5 3=1002;2 3=1002;4 1=1002;2 1=1001
1556,小怪,2 2=1001;6 1=1002;1 1=1001,,BATTLE,0 0,1 2=1001;7 4=1001;6 3=1003;5 2=1003
1557,小怪,4 2=1004;4 1=1003;5 4=1001;1 4=1002,,BATTLE,0 0,3 1=1003;2 2=1001;5 1=1002
1558,小怪,7 4=1002;6 1=1004;3 4=1004;1 2=1002,,BATTLE,0 0,2 1=1001;3 1=1003;1 3=1003;3 3=1003;7 1=1001
1559,小怪,3 3=1002;2 2=1004;1 3=1003,,BATTLE,0 0,4 3=1003;4 2=1003;4 1=1003;2 3=1002;7 2=1003
1560,小怪,2 3=1001;7 1=1003;1 2=1001;5 3=1002,,BATTLE,0 0,3 3=1002;1 3=1001;4 4=1002;6 3=1001;3 1=1002;7 3=1002
1561,小怪,2 3=1004;5 3=1001;4 1=1003;6 4=1002,,BATTLE,0 0,5 4=1001;3 1=1002;7 1=1001;2 4=1003
1562,小怪,1 3=1003;2 4=1002;4 1=1001,,BATTLE,0 0,3 1=1003;1 1=1002;5 3=1001;7 3=1001;4 2=1003;4 4=1001
1563,小怪,5 2=1003;1 1=1002;2 2=1003;6 1=1001,,BATTLE,0 0,4 3=1001;3 1=1003;3 2=1001
1564,小怪,1 4=1003;2 3=1004;7 2=1001;4 4=1003,,BATTLE,0 0,3 4=1002;7 4=1003;6 3=1003;3 2=1002;2 1=1001;4 1=1001
1565,小怪,1 2=1004;7 1=1002;7 3=1003,,BATTLE,0 0,3 1=1001;1 3=1002;2 3=1001;4 2=1001;6 3=1003
1566,小怪,1 4=1003;2 4=1004;4 3=1004,,BATTLE,0 0,3 2=1002;5 4=1002;4 4=1003;7 3=1002;7 4=1003
1567,小怪,2 2=1003;2 1=1001;5 2=1004;1 3=1002,,BATTLE,0 0,5 3=1002;7 1=1001;1 4=1003;3 1=1003
1568,小怪,7 2=1001;5 2=1001;2 3=1001,,BATTLE,0 0,4 4=1003;7 4=1001;6 3=1003;7 3=1001
1569,小怪,6 3=1001;1 3=1001;6 4=1001;5 1=1002,,BATTLE,0 0,2 1=1003;2 4=1002;3 4=1001;6 1=1003;7 1=1002
1570,小怪,4 4=1001;1 2=1003;4 3=1003,,BATTLE,0 0,7 4=1002;2 4=1001;2 2=1002;5 4=1002;3 4=1002
1571,小怪,3 1=1004;7 1=1002;6 1=1002,,BATTLE,0 0,5 3=1002;1 3=1002;2 3=1002;1 2=1003;5 1=1002;5 2=1003
1572,小怪,7 3=1001;6 4=1004;1 2=1004;4 3=1001,,BATTLE,0 0,5 1=1002;1 1=1003;2 3=1003
1573,小怪,5 2=1004;3 1=1004;4 1=1002,,BATTLE,0 0,3 2=1002;4 4=1003;2 2=1003;7 2=1001;1 3=1002
1574,小怪,5 1=1001;5 3=1001;1 2=1001;2 1=1001,,BATTLE,0 0,3 1=1003;5 2=1002;4 4=1003;7 4=1001;1 4=1002;4 2=1002
1575,小怪,7 2=1002;5 2=1004;3 1=1004,,BATTLE,0 0,6 1=1003;5 1=1003;6 3=1001;6 2=1002;7 3=1003;1 3=1003
1576,小怪,5 2=1003;4 1=1002;7 1=1003,,BATTLE,0 0,3 1=1002;1 1=1002;4 3=1002;6 1=1003
1577,小怪,2 3=1001;7 2=1002;4 3=1003;6 2=1002,,BATTLE,0 0,3 4=1003;1 3=1003;1 4=1001;7 1=1003;1 2=1001
1578,小怪,1 1=1004;5 4=1003;3 1=1002;1 3=1001,,BATTLE,0 0,3 3=1001;4 3=1003;7 4=1001;6 2=1001
1579,小怪,6 1=1002;3 1=1002;6 4=1003,,BATTLE,0 0,1 4=1002;4 3=1001;5 4=1003
1580,小怪,6 2=1001;2 4=1001;5 3=1003,,BATTLE,0 0,1 3=1001;4 2=1002;2 3=1003;3 4=1003;5 2=1001
1581,小怪,3 1=1002;1 1=1002;6 3=1002,,BATTLE,0 0,4 1=1003;3 4=1002;1 3=1002;6 2=1002
1582,小怪,4 4=1003;6 4=1001;7 3=1003,,BATTLE,0 0,2 1=1001;3 2=1001;5 4=1001;4 1=1003;6 3=1002
1583,小怪,1 4=1002;4 4=1002;7 2=1003;3 3=1001,,BATTLE,0 0,5 3=1002;1 1=1003;7 1=1001;5 2=1003;7 4=1002
1584,小怪,4 2=1001;4 3=1003;2 3=1002,,BATTLE,0 0,6 1=1003;2 2=1001;3 2=1002;5 1=1003
1585,小怪,6 1=1002;3 2=1003;5 2=1003;2 3=1004,,BATTLE,0 0,5 3=1003;6 4=1001;3 3=1002;4 1=1003;4 3=1003
1586,小怪,1 2=1002;1 4=1001;1 3=1003;2 1=1003,,BATTLE,0 0,7 4=1003;6 1=1002;5 4=1001;2 4=1002
1587,小怪,6 4=1003;2 2=1001;4 2=1004,,BATTLE,0 0,1 3=1001;7 3=1001;2 3=1003;1 2=1002;3 2=1001;4 1=1003
1588,小怪,4 1=1004;5 1=1001;6 3=1002,,BATTLE,0 0,3 2=1003;3 1=1001;6 2=1001;2 3=1002;7 3=1003
1589,小怪,5 1=1003;5 4=1003;7 2=1003,,BATTLE,0 0,6 4=1002;5 2=1002;7 1=1003
1590,小怪,7 4=1004;5 3=1002;5 4=1004;4 1=1003,,BATTLE,0 0,4 3=1002;7 1=1001;3 2=1003;1 4=1002;5 2=1002
1591,小怪,5 2=1002;6 3=1004;6 1=1003;6 2=1003,,BATTLE,0 0,3 3=1001;4 1=1003;2 4=1002
1592,小怪,5 1=1001;5 2=1004;5 3=1003;1 3=1001,,BATTLE,0 0,4 2=1003;6 1=1001;1 1=1001
1593,小怪,7 4=1001;5 4=1001;2 2=1001,,BATTLE,0 0,4 4=1002;6 1=1002;3 3=1002;6 2=1003
1594,小怪,2 3=1003;1 4=1001;6 4=1002,,BATTLE,0 0,1 1=1002;7 2=1003;5 1=1003;5 4=1002;4 2=1002
1595,小怪,7 3=1002;2 1=1004;4 3=1003;5 4=1002,,BATTLE,0 0,2 4=1002;2 2=1003;1 4=1003;2 3=1001
1596,小怪,2 1=1002;4 2=1004;4 4=1002;6 4=1004,,BATTLE,0 0,7 4=1003;3 2=1001;7 1=1003;7 2=1002;4 3=1003;2 2=1003
1597,小怪,3 3=1003;4 1=1003;7 3=1004;2 3=1002,,BATTLE,0 0,6 3=1003;3 1=1003;1 2=1002
1598,小怪,5 3=1002;1 4=1004;4 3=1002;7 4=1001,,BATTLE,0 0,5 4=1001;1 2=1003;6 2=1002;3 3=1003
1599,小怪,4 1=1001;5 1=1002;7 1=1001,,BATTLE,0 0,7 2=1001;2 4=1001;1 2=1003;3 3=1001;2 3=1002
1600,小怪,1 1=1001;3 4=1004;2 4=1002;4 2=1004,,BATTLE,0 0,1 4=1001;1 2=1001;7 1=1003;3 1=1002;2 1=1002;4 4=1002
1601,小怪,2 1=1002;3 3=1004;4 3=1004;6 4=1003,,BATTLE,0 0,7 2=1001;6 1=1002;4 1=1002
1602,小怪,4 4=1001;6 4=1003;7 1=1002,,BATTLE,0 0,2 2=1001;5 4=1003;1 3=1001;2 3=1002;6 2=1003
1603,小怪,5 1=1002;6 1=1004;3 4=1001;4 1=1003,,BATTLE,0 0,2 2=1002;3 1=1003;7 2=1001;7 1=1002;2 4=1002;6 3=1002
1604,小怪,2 2=1001;5 3=1002;1 2=1001,,BATTLE,0 0,1 3=1002;3 4=1002;7 4=1002
1605,小怪,1 1=1001;4 4=1001;1 4=1001;7 4=1003,,BATTLE,0 0,7 1=1001;2 3=1003;5 1=1002;7 3=1001;4 1=1002
1606,小怪,2 2=1003;7 1=1002;3 4=1003,,BATTLE,0 0,1 2=1001;6 3=1001;2 3=1003;7 2=1003
1607,小怪,3 3=1002;6 4=1003;3 4=1002,,BATTLE,0 0,3 2=1001;6 2=1002;2 3=1002;1 4=1002;4 1=1002
1608,小怪,7 1=1004;6 2=1003;7 2=1002;3 2=1004,,BATTLE,0 0,4 3=1001;2 1=1001;4 2=1001;6 1=1001;1 2=1003
1609,小怪,3 3=1001;2 2=1004;6 4=1002,,BATTLE,0 0,2 3=1002;1 3=1001;1 4=1003;7 2=1003;1 2=1003;3 2=1001
1610,小怪,5 4=1001;3 2=1001;7 2=1001,,BATTLE,0 0,4 4=1002;2 4=1003;2 3=1003;4 3=1002
1611,小怪,5 4=1002;6 3=1004;7 1=1001,,BATTLE,0 0,6 4=1003;7 3=1001;4 1=1001;4 4=1002;3 1=1002
1612,小怪,6 3=1004;1 2=1003;4 4=1004;2 3=1003,,BATTLE,0 0,3 2=1001;7 3=1002;7 1=1001;1 3=1003
1613,小怪,2 1=1001;6 3=1002;5 3=1001;4 1=1003,,BATTLE,0 0,3 4=1003;5 2=1001;2 4=1002;6 2=1001
1614,小怪,2 4=1001;3 4=1002;4 3=1004;3 3=1002,,BATTLE,0 0,1 3=1002;2 2=1003;3 1=1003
1615,小怪,1 4=1001;1 2=1004;2 1=1002,,BATTLE,0 0,7 1=1003;5 3=1001;5 2=1002;6 2=1003;5 1=1002;1 1=1002
1616,小怪,5 2=1003;5 4=1001;2 4=1004,,BATTLE,0 0,2 3=1002;7 1=1003;3 3=1001;6 2=1003;4 2=1003
1617,小怪,6 4=1003;7 4=1003;3 2=1002;5 2=1001,,BATTLE,0 0,7 2=1001;4 1=1002;4 2=1002;3 4=1002
1618,小怪,3 4=1003;5 2=1002;6 3=1003,,BATTLE,0 0,2 4=1001;3 2=1001;3 3=1002;1 4=1001
1619,小怪,7 2=1003;4 1=1004;3 2=1001;2 1=1001,,BATTLE,0 0,6 2=1003;1 1=1001;2 3=1003;1 4=1002
1620,小怪,7 2=1003;1 4=1003;7 4=1003;3 3=1003,,BATTLE,0 0,5 4=1002;4 4=1001;6 1=1001
1621,小怪,1 3=1002;2 2=1001;6 3=1002,,BATTLE,0 0,6 2=1003;3 1=1001;7 1=1002
1622,小怪,4 3=1001;7 4=1002;5 2=1004,,BATTLE,0 0,6 1=1003;2 1=1003;6 3=1002;5 4=1003;5 1=1001
1623,小怪,4 3=1004;2 4=1004;2 1=1003;3 3=1001,,BATTLE,0 0,1 2=1001;7 4=1001;6 4=1003;3 4=1001
1624,小怪,7 3=1002;5 4=1004;6 1=1004;5 1=1004,,BATTLE,0 0,1 3=1003;3 1=1001;1 1=1002
1625,小怪,7 3=1002;7 1=1004;3 3=1004;5 3=1001,,BATTLE,0 0,1 4=1003;1 3=1001;1 1=1002;4 1=1001
1626,小怪,1 4=1004;3 1=1003;6 4=1001,,BATTLE,0 0,4 3=1001;4 1=1003;4 4=1002;5 3=1003;1 3=1001;4 2=1001
1627,小怪,7 2=1001;1 3=1001;2 4=1004,,BATTLE,0 0,2 1=1003;2 3=1002;7 4=1001;7 1=1001;5 3=1001;7 3=1003
1628,小怪,4 4=1003;2 1=1004;6 4=1002,,BATTLE,0 0,6 3=1001;7 2=1001;7 4=1001;6 1=1001
1629,小怪,6 2=1001;4 4=1001;6 1=1002;5 3=1004,,BATTLE,0 0,4 1=1002;5 2=1002;4 3=1002;2 4=1002
1630,小怪,7 2=1001;6 4=1002;3 4=1003,,BATTLE,0 0,2 1=1002;3 2=1003;4 4=1002;3 3=1002;6 2=1002
1631,小怪,5 2=1002;3 1=1001;7 1=1004;5 4=1002,,BATTLE,0 0,2 4=1002;2 3=1003;2 2=1002
1632,小怪,4 2=1001;7 1=1004;7 2=1002;3 2=1003,,BATTLE,0 0,2 2=1001;6 3=1002;1 4=1003;1 3=1002;3 1=1001
1633,小怪,3 4=1003;5 4=1001;6 4=1001;4 2=1001,,BATTLE,0 0,3 1=1003;4 1=1003;5 2=1001
1634,小怪,4 1=1003;2 2=1004;5 1=1003;6 2=1002,,BATTLE,0 0,7 1=1001;3 4=1002;7 3=1003;2 4=1002;2 1=1003;3 3=1002
1635,小怪,7 2=1004;3 2=1001;5 4=1004,,BATTLE,0 0,4 3=1003;7 1=1003;6 3=1001
1636,小怪,7 4=1003;7 1=1001;3 3=1003;6 2=1001,,BATTLE,0 0,5 4=1002;4 3=1003;2 4=1001;2 3=1002;3 4=1002
1637,小怪,3 4=1003;7 1=1004;2 3=1003;2 2=1002,,BATTLE,0 0,3 3=1003;2 4=1001;5 2=1001;1 2=1003;4 2=1003
1638,小怪,6 4=1004;6 3=1002;1 1=1002;2 2=1004,,BATTLE,0 0,5 1=1001;3 3=1003;4 4=1003;3 4=1003;5 4=1002;2 1=1003
1639,小怪,4 2=1004;5 2=1004;5 4=1001;6 2=1004,,BATTLE,0 0,1 4=1002;1 1=1001;1 2=1001;6 3=1001;2 2=1002;2 4=1001
1640,小怪,1 1=1003;2 3=1002;2 1=1001,,BATTLE,0 0,6 4=1003;4 3=1002;3 2=1002
1641,小怪,2 4=1001;2 2=1003;1 4=1001,,BATTLE,0 0,3 1=1002;4 4=1002;5 3=1001;4 2=1003
1642,小怪,4 1=1001;7 4=1002;6 3=1001;5 4=1003,,BATTLE,0 0,7 3=1002;2 3=1003;1 4=1003;6 4=1003
1643,小怪,1 3=1004;6 2=1004;3 3=1004;6 4=1001,,BATTLE,0 0,4 4=1002;1 1=1001;5 3=1002;2 1=1002
1644,小怪,2 4=1004;4 4=1001;1 3=1002;6 2=1003,,BATTLE,0 0,4 1=1003;5 2=1001;5 1=1003;1 2=1003;7 1=1003
1645,小怪,1 4=1004;2 4=1003;2 3=1001;3 3=1004,,BATTLE,0 0,7 1=1001;6 2=1003;4 4=1002
1646,小怪,7 3=1001;1 1=1001;2 3=1003,,BATTLE,0 0,1 4=1002;3 1=1002;6 2=1003;4 1=1003;6 3=1003
1647,小怪,5 3=1004;7 2=1004;5 1=1001;5 2=1001,,BATTLE,0 0,3 2=1002;6 1=1003;4 1=1001;2 3=1002;7 4=1002
1648,小怪,7 1=1003;5 2=1001;1 1=1003;2 1=1003,,BATTLE,0 0,7 4=1002;3 1=1003;2 3=1003
1649,小怪,4 2=1004;2 3=1001;5 1=1001;7 2=1002,,BATTLE,0 0,4 4=1003;7 4=1001;7 1=1002;3 2=1001;6 3=1003;2 2=1002
1650,小怪,4 2=1002;5 4=1001;6 1=1002,,BATTLE,0 0,5 2=1001;7 1=1001;1 3=1001;3 2=1003;4 1=1003
1651,小怪,4 2=1001;4 3=1002;2 3=1001,,BATTLE,0 0,1 1=1002;5 1=1001;6 2=1003
1652,小怪,5 2=1004;3 4=1002;3 2=1003,,BATTLE,0 0,3 1=1003;5 4=1003;2 2=1003;1 3=1002;1 2=1002
1653,小怪,3 2=1001;6 2=1003;3 1=1003;4 3=1003,,BATTLE,0 0,5 4=1002;6 1=1001;7 3=1002;6 3=1001;4 4=1001
1654,小怪,3 3=1001;4 2=1003;5 4=1001;5 2=1004,,BATTLE,0 0,2 3=1001;2 1=1001;6 4=1001
1655,小怪,4 2=1004;3 2=1001;3 1=1001;1 1=1001,,BATTLE,0 0,2 4=1001;2 3=1002;3 3=1001;5 4=1001;3 4=1002;2 1=1002
1656,小怪,6 2=1001;2 1=1003;5 2=1002;5 1=1003,,BATTLE,0 0,7 3=1002;2 3=1002;1 4=1002
1657,小怪,1 4=1001;7 4=1001;3 3=1004,,BATTLE,0 0,2 3=1001;1 2=1003;5 2=1001;7 2=1003
1658,小怪,4 4=1004;4 3=1002;1 4=1003;6 4=1001,,BATTLE,0 0,6 3=1001;2 2=1001;1 3=1001;5 3=1003;6 1=1002;3 4=1003
1659,小怪,3 1=1001;7 3=1001;4 4=1004,,BATTLE,0 0,1 3=1001;1 4=1003;7 1=1001
1660,小怪,4 4=1001;5 2=1001;4 2=1001;6 4=1001,,BATTLE,0 0,3 2=1003;1 2=1003;4 1=1002;4 3=1003;3 1=1001;1 3=1003
1661,小怪,4 4=1003;4 2=1003;6 1=1004;3 3=1003,,BATTLE,0 0,4 1=1002;7 2=1002;1 3=1001;5 2=1001;5 1=1002
1662,小怪,2 4=1002;3 1=1001;3 2=1001,,BATTLE,0 0,7 1=1002;2 2=1002;4 2=1001;7 4=1001;6 4=1001
1663,小怪,7 3=1001;5 3=1003;2 2=1004,,BATTLE,0 0,2 1=1003;6 3=1003;6 2=1002;1 3=1001
1664,小怪,3 3=1004;2 4=1003;1 4=1003;5 3=1003,,BATTLE,0 0,3 2=1002;6 2=1003;3 1=1001;2 1=1002;7 2=1002;7 4=1001
1665,小怪,2 2=1004;3 4=1004;5 2=1002,,BATTLE,0 0,2 1=1002;4 2=1001;7 4=1002;6 4=1003
1666,小怪,2 1=1001;4 1=1003;1 4=1001;1 2=1004,,BATTLE,0 0,3 1=1003;2 3=1003;6 4=1001
1667,小怪,4 2=1004;6 2=1002;6 4=1002;5 3=1003;3 4=1003,,BATTLE,0 0,7 4=1002;1 1=1001;2 4=1003
1668,小怪,4 4=1003;7 3=1001;4 3=1003;3 2=1004;1 1=1004,,BATTLE,0 0,1 4=1002;4 2=1002;6 3=1002
1669,小怪,7 2=1001;6 2=1001;4 4=1003;5 4=1004,,BATTLE,0 0,4 3=1002;5 3=1002;3 2=1003;7 1=1002;7 3=1002
1670,小怪,4 1=1003;6 1=1003;1 2=1003;2 1=1003;5 2=1003,,BATTLE,0 0,7 4=1002;3 4=1002;6 4=1003;7 3=1003;2 4=1003;3 2=1001
1671,小怪,7 3=1001;3 2=1003;6 3=1002;5 4=1004;1 1=1001,,BATTLE,0 0,5 2=1001;6 4=1003;5 1=1002
1672,小怪,4 1=1001;3 3=1004;3 4=1003;4 3=1001,,BATTLE,0 0,7 1=1003;4 4=1002;7 2=1002
1673,小怪,1 2=1001;2 1=1002;7 3=1004;3 2=1004;1 3=1002,,BATTLE,0 0,4 4=1003;4 2=1001;1 4=1003;7 1=1002;4 1=1001;4 3=1001
1674,小怪,4 4=1002;6 3=1001;2 1=1001;6 4=1001;3 1=1004,,BATTLE,0 0,6 2=1002;4 2=1003;4 1=1001;3 3=1002
1675,小怪,5 4=1001;6 2=1004;2 4=1002;3 1=1002,,BATTLE,0 0,7 4=1003;1 3=1002;6 4=1001;3 3=1002;6 3=1003
1676,小怪,4 4=1004;1 2=1004;3 2=1004;2 1=1003,,BATTLE,0 0,3 3=1002;6 3=1002;1 3=1001;2 2=1002;4 3=1003
1677,小怪,5 4=1002;1 4=1004;3 3=1003;6 3=1001,,BATTLE,0 0,2 3=1003;2 1=1001;5 1=1002;2 2=1002
1678,小怪,1 4=1001;5 1=1002;4 2=1002;1 1=1002;3 1=1003,,BATTLE,0 0,4 3=1002;6 4=1003;7 2=1001
1679,小怪,5 2=1003;3 4=1002;2 1=1004;7 2=1003,,BATTLE,0 0,3 2=1002;7 4=1003;4 1=1003;4 4=1001;3 3=1001;1 1=1001
1680,小怪,7 2=1001;2 3=1002;5 4=1002;4 4=1003,,BATTLE,0 0,7 3=1001;3 4=1001;1 2=1003;3 3=1001;7 4=1003;6 3=1003
1681,小怪,3 4=1004;4 4=1001;4 1=1004;1 3=1001;5 3=1001,,BATTLE,0 0,3 2=1001;5 2=1002;6 3=1002
1682,小怪,1 3=1004;4 4=1003;6 4=1001;3 1=1001,,BATTLE,0 0,5 2=1003;7 2=1002;4 2=1003;2 2=1001;3 3=1002;1 4=1003
1683,小怪,5 2=1001;6 1=1002;2 3=1003;3 1=1003,,BATTLE,0 0,2 4=1002;3 2=1003;6 2=1002;3 3=1002
1684,小怪,2 3=1001;2 1=1001;7 3=1002;1 1=1002;4 1=1004,,BATTLE,0 0,6 3=1003;6 2=1003;4 2=1001;3 1=1002
1685,小怪,3 3=1002;5 1=1001;1 4=1003;7 1=1003;5 3=1002,,BATTLE,0 0,2 3=1002;4 1=1002;4 2=1001;7 2=1002
1686,小怪,5 2=1002;6 4=1001;1 3=1002;4 4=1002,,BATTLE,0 0,2 2=1001;5 1=1002;4 2=1001;7 4=1003;1 2=1003
1687,小怪,1 3=1001;1 4=1003;7 4=1004;7 2=1002;6 1=1002,,BATTLE,0 0,3 4=1002;3 2=1001;6 3=1002
1688,小怪,3 4=1001;5 4=1001;5 2=1002;4 2=1004,,BATTLE,0 0,7 2=1003;4 4=1003;3 3=1003
1689,小怪,1 3=1003;4 1=1004;4 4=1004;6 1=1002;1 1=1003,,BATTLE,0 0,7 3=1003;3 4=1003;7 1=1003;2 2=1001
1690,小怪,7 4=1002;1 2=1002;3 2=1001;6 4=1001,,BATTLE,0 0,4 2=1003;7 2=1002;7 3=1003;3 3=1001;5 4=1003;5 1=1001
1691,小怪,3 1=1002;4 2=1001;7 4=1004;3 2=1002,,BATTLE,0 0,1 3=1001;5 2=1002;7 2=1001;6 2=1003;7 3=1002
1692,小怪,4 4=1004;3 4=1003;7 2=1002;6 4=1001,,BATTLE,0 0,4 1=1002;7 1=1002;1 3=1003;4 3=1001;3 2=1002
1693,小怪,2 4=1001;3 1=1001;5 4=1004;4 1=1002;4 3=1002,,BATTLE,0 0,7 3=1001;3 2=1002;5 1=1001
1694,小怪,2 3=1001;6 1=1001;6 4=1002;6 3=1001,,BATTLE,0 0,7 4=1003;7 2=1002;7 1=1003;2 2=1001;7 3=1001
1695,小怪,7 4=1003;6 4=1002;6 1=1002;7 1=1003,,BATTLE,0 0,1 2=1003;7 2=1002;1 1=1003;4 3=1003;3 3=1002
1696,小怪,2 2=1001;4 1=1001;2 1=1004;7 2=1001,,BATTLE,0 0,1 4=1001;5 2=1002;3 3=1002;5 3=1003
1697,小怪,2 1=1002;5 2=1004;3 2=1003;4 2=1001,,BATTLE,0 0,7 3=1001;2 4=1002;6 4=1001;7 2=1003;5 1=1003;4 4=1003
1698,小怪,6 1=1002;3 2=1004;7 3=1001;1 1=1002,,BATTLE,0 0,7 1=1001;3 3=1001;4 1=1001;4 2=1003;6 3=1002;2 2=1001
1699,小怪,7 3=1004;7 4=1004;2 3=1001;6 4=1001,,BATTLE,0 0,3 2=1003;5 4=1002;1 2=1003
1700,小怪,4 4=1002;6 3=1004;4 3=1004;3 3=1004,,BATTLE,0 0,5 2=1003;2 4=1001;1 2=1003
1701,小怪,4 2=1002;6 3=1002;1 1=1001;1 4=1004;2 3=1004,,BATTLE,0 0,2 2=1002;5 4=1001;7 4=1001;5 2=1001
1702,小怪,1 3=1003;5 2=1004;7 2=1004;7 1=1001;1 2=1001,,BATTLE,0 0,6 2=1002;6 4=1001;2 3=1002
1703,小怪,3 2=1001;3 3=1002;5 2=1004;5 3=1003;4 1=1002,,BATTLE,0 0,5 4=1003;7 1=1001;2 3=1002
1704,小怪,3 4=1004;3 3=1003;1 1=1004;2 4=1004;6 2=1001,,BATTLE,0 0,7 3=1003;5 4=1001;3 1=1002
1705,小怪,2 3=1002;3 4=1003;1 4=1004;6 1=1004,,BATTLE,0 0,2 2=1003;4 2=1002;6 3=1003;7 4=1002
1706,小怪,1 3=1001;3 4=1003;7 1=1004;5 2=1001,,BATTLE,0 0,2 3=1001;2 1=1003;4 3=1002;4 4=1003;2 4=1001;4 2=1002
1707,小怪,3 1=1002;6 4=1001;1 2=1004;4 3=1002,,BATTLE,0 0,5 1=1002;4 4=1001;4 2=1001
1708,小怪,4 3=1001;3 3=1002;6 2=1004;3 1=1004;7 3=1001,,BATTLE,0 0,7 4=1002;4 4=1001;1 2=1002;4 1=1001;5 1=1002
1709,小怪,4 2=1004;7 4=1004;6 3=1004;6 1=1002,,BATTLE,0 0,5 2=1002;3 3=1002;4 4=1001;2 2=1003;5 1=1002;4 1=1001
1710,小怪,5 3=1003;3 1=1003;4 4=1004;1 1=1002,,BATTLE,0 0,2 2=1002;1 4=1001;1 3=1001;4 2=1001
1711,小怪,5 2=1004;2 4=1003;6 1=1002;3 2=1003;7 4=1003,,BATTLE,0 0,1 4=1003;2 2=1001;4 4=1001;5 4=1003;5 3=1003;2 3=1003
1712,小怪,2 2=1002;4 2=1001;1 2=1003;3 3=1001,,BATTLE,0 0,3 4=1002;2 4=1003;6 1=1002
1713,小怪,2 1=1003;1 2=1002;7 2=1001;4 4=1002;6 3=1001,,BATTLE,0 0,3 3=1001;5 2=1001;4 1=1002
1714,小怪,3 2=1001;3 4=1002;6 1=1002;1 2=1001,,BATTLE,0 0,3 3=1003;5 2=1001;1 1=1001;2 1=1002;2 3=1003
1715,小怪,3 1=1004;4 1=1003;5 4=1003;7 4=1003;5 2=1001,,BATTLE,0 0,6 4=1002;3 4=1003;6 1=1001;2 3=1001;2 4=1003;4 2=1003
1716,小怪,2 1=1004;6 4=1001;2 2=1001;3 2=1004;7 4=1004,,BATTLE,0 0,6 3=1001;1 3=1001;2 3=1002;5 4=1002;1 1=1001
1717,小怪,5 1=1004;2 3=1003;5 4=1004;4 4=1003;7 2=1001,,BATTLE,0 0,1 4=1002;3 3=1003;1 3=1002;6 1=1003
1718,小怪,3 3=1004;4 4=1002;6 2=1004;4 1=1001;1 3=1003,,BATTLE,0 0,7 3=1001;5 1=1001;6 1=1001;2 2=1001;5 2=1001;1 2=1003
1719,小怪,5 3=1002;6 3=1001;5 4=1001;4 1=1004,,BATTLE,0 0,3 2=1003;5 1=1003;1 4=1003;4 2=1002
1720,小怪,3 2=1003;1 2=1004;7 4=1003;7 3=1003,,BATTLE,0 0,5 1=1003;2 4=1001;1 4=1001;6 2=1002
1721,小怪,6 3=1004;1 1=1002;4 1=1003;7 2=1002;2 3=1002,,BATTLE,0 0,5 4=1003;4 4=1002;2 1=1001;7 4=1002;2 2=1003
1722,小怪,1 4=1003;1 2=1002;7 4=1001;2 1=1001,,BATTLE,0 0,6 3=1001;2 4=1003;5 4=1003;4 1=1002;7 2=1002;6 1=1001
1723,小怪,3 1=1004;6 1=1002;3 3=1003;4 1=1003;5 3=1001,,BATTLE,0 0,1 4=1003;2 4=1003;6 3=1002;5 1=1002;7 2=1002
1724,小怪,3 2=1002;4 1=1002;6 4=1003;4 4=1004,,BATTLE,0 0,1 2=1001;6 1=1002;7 4=1002;2 3=1003
1725,小怪,6 2=1002;5 3=1004;6 1=1001;1 2=1003;1 1=1002,,BATTLE,0 0,2 2=1002;2 4=1003;4 1=1002;5 4=1003;7 2=1003;6 4=1001
1726,小怪,1 1=1002;3 2=1002;2 4=1002;1 4=1003;2 2=1002,,BATTLE,0 0,5 1=1003;2 1=1002;7 1=1003
1727,小怪,7 1=1003;7 3=1003;1 1=1003;2 2=1003,,BATTLE,0 0,7 2=1002;3 1=1003;6 3=1003;3 3=1002;1 2=1003;2 1=1003
1728,小怪,1 1=1003;6 3=1001;5 1=1001;3 4=1003,,BATTLE,0 0,5 4=1002;4 4=1002;4 2=1001;1 2=1003
1729,小怪,2 1=1004;5 2=1004;5 1=1002;1 2=1004;7 1=1002,,BATTLE,0 0,7 3=1002;6 2=1002;7 4=1001
1730,小怪,1 4=1001;2 3=1003;5 3=1002;2 2=1004;2 4=1002,,BATTLE,0 0,5 4=1003;1 2=1002;7 3=1003;5 1=1002;6 2=1001
1731,小怪,3 3=1004;6 4=1003;1 3=1004;6 2=1001,,BATTLE,0 0,4 4=1002;7 3=1002;2 3=1001;3 4=1001;4 2=1001;3 2=1003
1732,小怪,7 1=1003;6 4=1003;4 3=1002;2 4=1002;2 3=1002,,BATTLE,0 0,7 3=1003;4 1=1001;3 3=1002;6 1=1001;3 1=1001
1733,小怪,4 4=1002;2 2=1001;7 3=1003;4 1=1003;1 1=1002,,BATTLE,0 0,4 3=1001;5 3=1002;7 2=1002;6 2=1003;6 3=1002;1 3=1002
1734,小怪,6 4=1001;2 4=1001;1 3=1004;1 2=1002,,BATTLE,0 0,6 2=1002;4 1=1003;5 4=1001
1735,小怪,7 4=1003;6 4=1003;4 2=1002;2 1=1003,,BATTLE,0 0,3 3=1001;5 3=1002;1 4=1003;1 3=1001
1736,小怪,7 1=1004;3 4=1003;4 3=1003;3 2=1003;2 2=1002,,BATTLE,0 0,2 4=1003;2 1=1003;7 4=1002
1737,小怪,2 3=1004;1 1=1001;3 3=1004;5 3=1003;1 3=1003,,BATTLE,0 0,5 2=1003;7 2=1002;3 4=1001
1738,小怪,4 2=1003;7 4=1004;6 1=1003;2 3=1004;2 1=1002,,BATTLE,0 0,5 1=1002;6 2=1002;1 1=1001;7 3=1003
1739,小怪,2 4=1002;3 4=1004;1 4=1003;6 2=1004,,BATTLE,0 0,5 3=1002;6 4=1001;4 3=1001;7 1=1001;7 2=1002;1 3=1001
1740,小怪,7 2=1002;3 4=1004;2 1=1001;4 4=1002;3 1=1003,,BATTLE,0 0,7 4=1003;4 3=1002;7 1=1001;2 3=1002
1741,小怪,5 3=1004;5 2=1004;2 1=1002;3 3=1002,,BATTLE,0 0,7 4=1001;1 3=1001;3 4=1002;6 1=1003;7 1=1001;4 3=1002
1742,小怪,3 1=1002;7 2=1001;7 1=1003;4 2=1001,,BATTLE,0 0,5 1=1001;3 4=1002;2 3=1002
1743,小怪,2 4=1003;1 4=1004;2 1=1001;1 3=1004,,BATTLE,0 0,4 2=1003;4 3=1003;4 4=1001;5 3=1002;2 3=1002;7 4=1001
1744,小怪,5 3=1003;3 1=1004;3 3=1003;7 1=1004,,BATTLE,0 0,7 4=1002;2 1=1001;1 2=1001;5 2=1001
1745,小怪,3 2=1001;3 4=1003;7 3=1002;5 3=1004;4 4=1004,,BATTLE,0 0,1 4=1002;1 2=1003;2 4=1003
1746,小怪,3 1=1001;6 3=1002;5 2=1003;1 1=1001;1 3=1003,,BATTLE,0 0,6 2=1002;3 2=1002;7 3=1002;2 2=1002;2 1=1002
1747,小怪,1 3=1001;7 1=1004;4 2=1002;2 2=1004,,BATTLE,0 0,6 1=1003;1 2=1002;3 1=1003;2 4=1003
1748,小怪,2 1=1004;6 1=1004;1 3=1001;7 4=1003,,BATTLE,0 0,4 4=1001;6 4=1002;2 3=1002;4 3=1003;1 2=1003
1749,小怪,3 3=1003;5 3=1001;4 4=1001;2 1=1003,,BATTLE,0 0,2 2=1001;6 4=1003;7 3=1003;1 3=1001;7 2=1001
1750,小怪,2 3=1002;6 3=1002;6 2=1003;2 4=1002;4 1=1003,,BATTLE,0 0,2 1=1001;7 3=1001;4 2=1001;3 3=1001;6 4=1001;3 2=1003
1751,小怪,5 1=1004;6 1=1004;4 4=1003;7 2=1003,,BATTLE,0 0,5 4=1002;7 4=1001;3 2=1003;2 4=1001
1752,小怪,4 4=1004;2 3=1001;6 1=1004;3 2=1003,,BATTLE,0 0,7 4=1001;2 1=1001;2 2=1001
1753,小怪,1 4=1003;3 3=1004;5 1=1003;4 2=1004;6 2=1001,,BATTLE,0 0,6 4=1001;6 1=1002;7 1=1003;1 2=1001;3 4=1001;3 2=1001
1754,小怪,1 4=1004;2 1=1003;4 4=1003;2 4=1001;5 3=1003,,BATTLE,0 0,7 3=1002;2 2=1002;7 4=1001;3 4=1002;1 2=1002
1755,小怪,3 3=1004;5 4=1004;4 3=1001;2 2=1002,,BATTLE,0 0,4 1=1001;4 2=1001;2 1=1001;7 2=1001;7 3=1002
1756,小怪,3 3=1002;4 3=1001;2 3=1003;2 4=1001;4 4=1004,,BATTLE,0 0,5 1=1003;2 1=1003;5 4=1001
1757,小怪,2 3=1002;6 2=1001;6 1=1003;4 4=1003,,BATTLE,0 0,1 4=1001;3 4=1002;5 3=1001;1 2=1001
1758,小怪,6 4=1003;5 3=1003;6 3=1003;2 3=1001,,BATTLE,0 0,2 1=1003;3 4=1002;7 2=1002;7 3=1003
1759,小怪,5 2=1001;6 1=1002;7 4=1002;4 4=1002;2 4=1001,,BATTLE,0 0,3 3=1001;5 3=1001;5 4=1003;1 4=1002;6 4=1001
1760,小怪,6 1=1001;3 4=1001;2 3=1001;1 4=1002;2 2=1003,,BATTLE,0 0,4 2=1002;1 2=1001;7 4=1003;2 4=1003
1761,小怪,3 4=1004;6 2=1004;6 4=1003;5 1=1003;7 4=1004,,BATTLE,0 0,4 1=1003;7 1=1001;3 3=1002;2 4=1002;5 3=1003
1762,小怪,2 4=1001;3 3=1001;1 2=1001;2 1=1003,,BATTLE,0 0,7 3=1001;6 1=1002;3 1=1001;5 1=1001;4 1=1001;7 2=1001
1763,小怪,7 4=1003;4 3=1003;4 4=1001;7 3=1004;2 3=1004,,BATTLE,0 0,1 4=1002;7 1=1002;1 1=1001
1764,小怪,6 1=1001;3 1=1004;5 3=1002;7 3=1004;2 3=1003,,BATTLE,0 0,2 4=1003;1 4=1001;4 1=1001;6 4=1001;4 2=1003
1765,小怪,7 2=1003;6 4=1001;3 4=1001;3 1=1001,,BATTLE,0 0,1 1=1002;3 2=1001;7 1=1001;5 4=1003;1 4=1001;4 3=1001
1766,小怪,7 2=1001;1 2=1003;1 3=1004;5 4=1003;5 1=1004,,BATTLE,0 0,3 4=1001;7 4=1003;3 1=1003;3 3=1001;7 1=1002
1767,小怪,1 4=1002;6 2=1002;4 2=1004;5 1=1003;7 2=1001,,BATTLE,0 0,5 3=1003;7 4=1002;2 4=1003
1768,小怪,5 4=1004;3 1=1003;7 2=1002;4 2=1003;2 1=1002,,BATTLE,0 0,2 2=1001;7 1=1003;2 3=1002;3 2=1003;6 4=1001;7 3=1003
1769,小怪,1 3=1002;1 4=1001;2 4=1004;3 3=1001,,BATTLE,0 0,5 2=1001;7 3=1003;5 1=1003;7 1=1003;6 4=1002;3 1=1001
1770,小怪,7 4=1003;1 2=1003;5 3=1003;3 1=1001,,BATTLE,0 0,7 3=1001;2 3=1001;2 1=1001;4 1=1001;2 2=1003;1 1=1002
1771,小怪,4 4=1001;1 4=1001;7 2=1004;7 3=1003,,BATTLE,0 0,7 4=1003;2 1=1003;4 3=1001;1 1=1003
1772,小怪,2 4=1004;4 1=1003;7 3=1004;3 1=1001;5 1=1002,,BATTLE,0 0,2 3=1003;6 2=1002;6 1=1002;5 3=1002;1 1=1001
1773,小怪,2 2=1003;5 1=1002;6 4=1004;1 2=1002,,BATTLE,0 0,6 2=1001;3 3=1001;3 1=1002;6 3=1001;7 3=1003
1774,小怪,4 3=1003;7 1=1002;5 1=1001;5 2=1001;7 2=1003,,BATTLE,0 0,5 4=1003;6 3=1001;2 2=1002;3 2=1001;1 3=1003
1775,小怪,4 3=1004;7 3=1004;2 1=1003;6 4=1002,,BATTLE,0 0,5 1=1001;1 4=1001;5 3=1001
1776,小怪,5 3=1001;6 4=1001;2 3=1003;2 4=1004,,BATTLE,0 0,4 3=1001;1 4=1001;7 1=1002
1777,小怪,6 2=1001;5 4=1002;3 3=1004;3 1=1002;6 1=1003,,BATTLE,0 0,4 2=1002;2 1=1002;6 4=1002;1 2=1002;1 4=1003;1 1=1002
1778,小怪,6 4=1001;3 3=1004;3 1=1002;1 2=1004;2 1=1002,,BATTLE,0 0,2 2=1001;1 4=1002;7 1=1001;5 2=1001;7 2=1001;2 4=1002
1779,小怪,4 1=1002;1 1=1004;1 2=1002;6 1=1004;7 1=1003,,BATTLE,0 0,6 4=1003;5 3=1001;3 4=1003;5 4=1002;4 3=1001;3 3=1003
1780,小怪,7 1=1001;3 2=1002;7 4=1001;2 4=1001,,BATTLE,0 0,7 2=1001;6 2=1003;4 2=1002;6 1=1003
1781,小怪,7 4=1002;1 3=1001;4 4=1003;5 2=1003,,BATTLE,0 0,1 2=1001;4 2=1001;7 3=1003;5 4=1003;2 2=1002;3 1=1001
1782,小怪,7 4=1002;6 3=1004;1 3=1001;5 4=1001;6 2=1002,,BATTLE,0 0,3 3=1003;5 2=1003;2 2=1002;7 3=1003
1783,小怪,6 3=1003;7 3=1002;2 4=1001;4 2=1002;2 3=1002,,BATTLE,0 0,4 3=1003;5 1=1002;7 4=1002;2 2=1002;3 3=1002;5 4=1001
1784,小怪,5 1=1004;2 1=1003;3 3=1001;7 3=1004;4 4=1003,,BATTLE,0 0,2 2=1003;5 3=1001;2 3=1002;1 1=1001;1 3=1002
1785,小怪,4 1=1001;2 1=1002;4 3=1003;1 4=1002;7 4=1004,,BATTLE,0 0,2 3=1001;2 4=1003;1 3=1002
1786,小怪,5 3=1001;3 3=1004;1 2=1003;2 2=1004;4 3=1002,,BATTLE,0 0,2 3=1003;4 2=1001;1 4=1002
1787,小怪,2 1=1003;2 4=1004;5 4=1003;4 4=1004,,BATTLE,0 0,3 3=1003;6 1=1003;5 3=1001;1 4=1003;4 2=1003
1788,小怪,5 1=1001;5 4=1004;2 2=1003;6 4=1001;3 4=1002,,BATTLE,0 0,1 4=1002;2 4=1001;5 2=1003;6 3=1001;3 2=1001;4 1=1003
1789,小怪,1 2=1003;1 1=1001;2 1=1003;5 1=1001,,BATTLE,0 0,4 2=1001;6 3=1003;2 3=1001;5 3=1001
1790,小怪,1 2=1001;2 1=1003;1 1=1001;7 4=1004,,BATTLE,0 0,1 4=1002;7 2=1001;1 3=1003;4 1=1001;6 3=1002;7 3=1002
1791,小怪,1 1=1002;6 4=1004;3 3=1002;4 4=1002,,BATTLE,0 0,5 4=1003;2 4=1001;2 2=1003;2 1=1002;4 1=1001
1792,小怪,2 4=1003;6 2=1003;4 4=1001;5 3=1002;4 3=1004,,BATTLE,0 0,1 3=1002;2 1=1003;1 1=1002;2 3=1003;7 4=1002
1793,小怪,1 4=1001;3 1=1002;4 3=1003;2 2=1001;4 4=1004,,BATTLE,0 0,3 4=1001;7 4=1001;6 2=1001;5 1=1003;3 3=1002
1794,小怪,1 3=1002;2 1=1001;6 2=1003;7 3=1001,,BATTLE,0 0,3 1=1003;2 3=1002;7 4=1002
1795,小怪,3 4=1002;5 2=1001;5 4=1004;1 2=1004,,BATTLE,0 0,7 3=1003;7 2=1001;4 1=1003;6 1=1002
1796,小怪,1 3=1003;7 4=1001;1 2=1002;2 2=1003,,BATTLE,0 0,5 4=1003;5 1=1002;3 3=1001;3 4=1003
1797,小怪,3 4=1003;6 1=1001;1 3=1001;7 2=1002;1 4=1001,,BATTLE,0 0,7 3=1003;5 1=1001;2 3=1002
1798,小怪,3 1=1002;2 1=1002;3 3=1001;2 3=1003,,BATTLE,0 0,6 4=1003;5 4=1003;3 2=1001;6 3=1001;4 2=1002;6 1=1002
1799,小怪,4 2=1002;1 3=1001;1 2=1003;3 4=1003;3 2=1004,,BATTLE,0 0,2 1=1003;6 3=1003;7 4=1003
1800,小怪,5 1=1003;6 2=1002;1 3=1001;7 1=1003,,BATTLE,0 0,2 4=1001;4 1=1002;3 2=1001;6 3=1003;3 4=1003
1801,小怪,2 2=1001;4 4=1003;2 3=1001;2 1=1001,,BATTLE,0 0,2 4=1003;7 4=1002;5 1=1003
1802,小怪,6 2=1001;2 4=1001;2 3=1004;1 4=1003;5 4=1002,,BATTLE,0 0,1 2=1002;7 2=1002;7 3=1002;1 1=1001;3 2=1002
1803,小怪,2 1=1002;1 4=1002;1 2=1002;2 2=1003;1 3=1003,,BATTLE,0 0,3 2=1002;6 1=1002;7 4=1003;3 1=1001;7 1=1001;1 1=1003
1804,小怪,7 1=1002;5 3=1001;1 3=1001;6 4=1002,,BATTLE,0 0,7 4=1001;2 4=1002;2 1=1003;3 1=1001
1805,小怪,7 3=1003;1 2=1004;1 3=1003;6 4=1004,,BATTLE,0 0,2 3=1002;2 1=1002;4 2=1002;4 4=1001;6 2=1001
1806,小怪,7 4=1001;3 3=1004;3 4=1004;5 2=1002,,BATTLE,0 0,4 3=1003;7 3=1003;5 1=1002;6 3=1002;3 1=1003;1 2=1001
1807,小怪,5 2=1004;3 4=1003;6 2=1004;7 4=1004,,BATTLE,0 0,2 2=1002;4 2=1002;4 3=1001;5 4=1001;1 4=1003
1808,小怪,5 4=1003;7 2=1001;2 3=1002;2 1=1004;3 2=1001,,BATTLE,0 0,7 1=1002;3 1=1002;1 1=1003;4 2=1003;5 2=1001
1809,小怪,6 3=1002;5 4=1002;7 1=1001;7 3=1003;6 2=1004,,BATTLE,0 0,1 4=1001;4 4=1003;4 3=1003
1810,小怪,6 3=1002;1 4=1004;1 3=1001;6 1=1003,,BATTLE,0 0,3 2=1002;3 3=1001;7 3=1001;5 1=1003;5 3=1002;3 1=1001
1811,小怪,3 2=1003;4 4=1001;6 3=1003;4 3=1001,,BATTLE,0 0,5 3=1001;3 3=1002;1 1=1003;2 4=1003;3 1=1003
1812,小怪,4 3=1002;2 3=1003;4 2=1004;3 1=1004;2 4=1002,,BATTLE,0 0,7 4=1001;3 2=1003;1 4=1002;5 4=1001;4 1=1003;1 2=1002
1813,小怪,5 2=1002;4 4=1003;1 1=1002;1 4=1004;3 2=1002,,BATTLE,0 0,5 3=1001;3 3=1002;4 2=1003;3 1=1003;6 3=1003
1814,小怪,6 4=1001;5 2=1001;6 3=1003;1 3=1002,,BATTLE,0 0,4 1=1002;7 1=1002;2 2=1003;3 1=1002
1815,小怪,5 1=1002;5 3=1001;3 3=1001;3 1=1001;6 2=1002,,BATTLE,0 0,5 4=1003;2 4=1002;5 2=1003;4 4=1003;7 4=1003
1816,小怪,3 2=1001;4 4=1004;7 4=1001;7 3=1004,,BATTLE,0 0,6 1=1002;3 3=1002;5 3=1001;2 2=1002;5 4=1001
1817,小怪,1 2=1002;3 4=1003;1 3=1004;6 3=1004,,BATTLE,0 0,4 3=1003;5 3=1003;5 2=1002
1818,小怪,7 4=1003;5 3=1002;7 2=1001;7 3=1002;7 1=1002,,BATTLE,0 0,1 2=1001;4 3=1003;1 1=1002;5 4=1001
1819,小怪,4 4=1003;2 3=1003;4 2=1002;5 2=1003;5 3=1003,,BATTLE,0 0,2 4=1003;2 1=1001;2 2=1003;6 3=1001
1820,小怪,5 3=1003;1 1=1001;5 4=1001;7 3=1003,,BATTLE,0 0,4 4=1003;2 4=1003;6 1=1002;5 1=1001;6 2=1003
1821,小怪,1 4=1001;1 3=1003;1 1=1002;2 3=1003;6 3=1001,,BATTLE,0 0,3 1=1003;6 2=1002;2 2=1003;4 4=1003;5 4=1002
1822,小怪,3 4=1004;4 3=1004;5 2=1001;7 3=1001;5 1=1001,,BATTLE,0 0,6 2=1002;6 1=1001;2 1=1001;6 4=1001
1823,小怪,2 2=1001;3 2=1002;3 3=1002;2 4=1002,,BATTLE,0 0,7 2=1003;4 3=1001;5 3=1003;4 4=1001;5 2=1003
1824,小怪,6 2=1003;2 3=1004;6 3=1002;5 2=1004;6 4=1002,,BATTLE,0 0,4 1=1001;2 4=1001;4 2=1003;5 3=1001
1825,小怪,1 2=1002;4 3=1004;4 2=1002;6 2=1003;7 1=1001,,BATTLE,0 0,2 4=1001;3 2=1001;4 4=1002;6 3=1001;3 1=1002
1826,小怪,1 1=1004;2 2=1002;7 4=1002;7 3=1004;2 3=1004,,BATTLE,0 0,4 4=1002;4 1=1002;3 1=1001;3 4=1001;2 1=1002;5 4=1003
1827,小怪,4 1=1001;2 1=1001;1 3=1003;7 3=1001;7 4=1004,,BATTLE,0 0,2 3=1001;4 3=1003;7 1=1001
1828,小怪,4 4=1003;1 4=1001;5 3=1001;7 2=1003,,BATTLE,0 0,6 4=1002;3 3=1001;2 1=1001;6 1=1001;1 2=1001
1829,小怪,4 1=1003;5 4=1001;3 2=1001;4 4=1001;5 3=1002,,BATTLE,0 0,2 2=1001;4 3=1003;7 4=1001;6 2=1001
1830,小怪,4 4=1003;3 4=1001;2 2=1002;1 4=1001;5 3=1004,,BATTLE,0 0,4 1=1001;6 3=1001;3 2=1003;1 2=1001
1831,小怪,2 2=1003;6 3=1004;1 1=1004;6 1=1003,,BATTLE,0 0,4 3=1003;4 1=1002;3 2=1003;7 3=1001;6 2=1003;4 4=1003
1832,小怪,6 1=1001;6 3=1002;1 3=1002;3 4=1003,,BATTLE,0 0,1 4=1003;6 2=1002;4 4=1002
1833,小怪,3 1=1001;4 3=1001;3 2=1001;7 1=1001,,BATTLE,0 0,1 3=1002;6 3=1002;2 3=1003;4 1=1003;2 1=1001;7 2=1001
1834,小怪,5 4=1002;4 2=1002;5 2=1004;2 1=1002;1 3=1003,,BATTLE,0 0,2 2=1001;2 4=1002;3 2=1001;6 4=1001;6 2=1001;5 1=1003
1835,小怪,1 2=1002;6 2=1002;5 3=1004;2 1=1004,,BATTLE,0 0,6 3=1002;1 1=1003;3 4=1003;6 1=1003;3 3=1002
1836,小怪,2 1=1003;1 1=1001;4 2=1001;6 3=1003;5 1=1004,,BATTLE,0 0,2 4=1003;3 4=1003;1 2=1002;3 2=1002;4 1=1001
1837,小怪,5 3=1004;7 4=1001;5 4=1004;7 1=1001;6 3=1003,,BATTLE,0 0,4 1=1001;6 4=1002;3 1=1003
1838,小怪,7 4=1002;1 4=1001;7 2=1001;4 3=1003,,BATTLE,0 0,2 2=1001;6 1=1002;2 1=1001
1839,小怪,2 3=1002;2 1=1002;1 1=1003;1 4=1004,,BATTLE,0 0,7 2=1002;4 2=1002;3 1=1001;1 2=1001
1840,小怪,5 4=1003;2 3=1002;4 4=1003;3 2=1001;1 1=1004,,BATTLE,0 0,7 1=1003;1 2=1001;2 2=1003;2 1=1001;5 3=1003;2 4=1002
1841,小怪,1 4=1003;4 2=1002;3 3=1003;3 1=1002;6 2=1003,,BATTLE,0 0,7 3=1003;5 2=1002;6 3=1003;1 2=1003;7 4=1001;3 4=1001
1842,小怪,6 1=1002;5 3=1001;5 4=1002;1 1=1001,,BATTLE,0 0,1 3=1003;6 4=1003;2 2=1003;3 1=1003;2 3=1001
1843,小怪,4 1=1001;2 3=1003;7 4=1003;1 2=1003;5 4=1001,,BATTLE,0 0,1 4=1001;4 3=1003;6 4=1002;6 2=1001;4 4=1003;3 1=1002
1844,小怪,7 1=1001;6 2=1004;6 1=1002;1 2=1001,,BATTLE,0 0,1 4=1001;5 4=1002;1 1=1002;5 1=1002;3 4=1003
1845,小怪,3 4=1003;5 4=1003;7 2=1001;7 1=1004;1 1=1001,,BATTLE,0 0,2 2=1002;6 3=1002;2 3=1001
1846,小怪,4 1=1003;2 4=1002;6 4=1001;5 1=1004,,BATTLE,0 0,3 4=1001;3 1=1001;5 4=1003;5 3=1001;2 3=1001
1847,小怪,2 3=1004;5 4=1003;1 3=1002;1 2=1004,,BATTLE,0 0,7 4=1003;2 2=1003;2 1=1003;4 1=1001;5 1=1001;4 2=1003
1848,小怪,3 3=1004;4 2=1004;5 1=1003;4 3=1002,,BATTLE,0 0,2 3=1003;2 1=1002;1 1=1002;2 4=1001
1849,小怪,6 2=1002;2 1=1004;1 1=1004;7 4=1002,,BATTLE,0 0,6 1=1001;6 4=1003;2 4=1001;4 2=1003;5 3=1002
1850,小怪,5 2=1001;6 1=1002;4 2=1004;3 3=1001;5 3=1004,,BATTLE,0 0,1 3=1001;6 2=1002;3 2=1002;7 1=1001
1851,小怪,2 3=1002;2 1=1002;1 2=1002;3 2=1001,,BATTLE,0 0,7 2=1003;6 4=1003;3 1=1001;5 1=1003;1 4=1002;3 4=1001
1852,小怪,1 1=1003;6 4=1001;5 2=1003;3 3=1003;3 1=1004,,BATTLE,0 0,7 3=1003;2 4=1002;7 4=1003
1853,小怪,3 3=1002;3 2=1004;6 4=1001;5 4=1004;7 2=1001,,BATTLE,0 0,6 2=1002;3 4=1003;2 2=1001;6 3=1001;3 1=1001
1854,小怪,2 1=1002;6 3=1001;4 2=1003;3 3=1001,,BATTLE,0 0,4 3=1002;1 3=1003;5 1=1001;7 3=1003;1 4=1003;7 4=1001
1855,小怪,1 4=1002;3 2=1004;4 1=1004;6 4=1004;6 1=1002,,BATTLE,0 0,4 2=1002;7 4=1001;6 3=1001;1 3=1002;3 4=1002
1856,小怪,6 2=1002;3 4=1002;3 1=1002;5 4=1001;4 2=1001,,BATTLE,0 0,1 4=1001;7 3=1001;2 2=1001;5 2=1001;5 3=1001;7 4=1002
1857,小怪,7 4=1001;5 3=1003;4 4=1001;6 1=1002,,BATTLE,0 0,4 3=1003;7 3=1001;3 4=1001
1858,小怪,5 1=1004;1 1=1001;5 3=1003;3 2=1003;4 1=1001,,BATTLE,0 0,7 4=1001;6 4=1002;5 2=1001;7 3=1002
1859,小怪,7 4=1002;2 4=1001;5 1=1003;3 4=1004,,BATTLE,0 0,4 2=1002;6 1=1002;5 4=1001;4 1=1001
1860,小怪,1 3=1002;6 3=1001;7 4=1004;5 2=1004,,BATTLE,0 0,2 4=1002;6 1=1002;3 2=1002
1861,小怪,2 1=1001;7 4=1004;6 2=1002;1 3=1001,,BATTLE,0 0,6 3=1002;4 2=1001;3 4=1001;5 4=1001;3 3=1001
1862,小怪,4 1=1004;1 1=1004;2 4=1004;5 4=1004;1 2=1003,,BATTLE,0 0,2 3=1001;6 3=1001;2 2=1001;5 2=1003
1863,小怪,6 2=1003;7 3=1004;7 1=1001;3 2=1003,,BATTLE,0 0,1 2=1003;3 4=1001;6 3=1001;7 4=1001
1864,小怪,3 2=1003;4 3=1002;6 3=1003;6 2=1002;2 1=1001,,BATTLE,0 0,1 4=1002;3 4=1003;4 1=1003;4 2=1002;5 1=1003
1865,小怪,6 2=1001;3 1=1004;6 1=1002;3 3=1004;5 2=1001,,BATTLE,0 0,7 1=1001;4 1=1003;4 4=1001;5 3=1002
1866,小怪,6 1=1003;6 2=1002;3 2=1001;5 2=1001;2 3=1001,,BATTLE,0 0,6 4=1001;7 1=1001;4 2=1003
1867,小怪,4 4=1003;3 3=1003;5 3=1002;4 2=1002;7 4=1003,,BATTLE,0 0,2 2=1001;6 3=1003;2 4=1001;2 3=1003
1868,小怪,3 1=1004;1 3=1003;1 4=1003;5 2=1002;2 4=1002,,BATTLE,0 0,7 2=1003;2 1=1002;2 2=1002;5 3=1003
1869,小怪,5 3=1004;5 2=1002;5 4=1003;7 1=1003,,BATTLE,0 0,2 1=1002;1 1=1002;2 4=1001;7 4=1003
1870,小怪,4 1=1002;7 1=1004;2 3=1003;4 2=1002,,BATTLE,0 0,2 2=1002;3 3=1001;4 4=1003;6 3=1003;6 2=1001
1871,小怪,7 3=1001;6 2=1004;2 2=1001;1 4=1004,,BATTLE,0 0,3 2=1002;3 3=1002;1 3=1002;2 1=1001;7 4=1001
1872,小怪,1 1=1001;2 3=1004;7 4=1001;5 3=1004,,BATTLE,0 0,1 4=1002;3 2=1001;4 2=1002
1873,小怪,3 4=1003;3 1=1001;7 1=1002;6 4=1001;5 2=1002,,BATTLE,0 0,6 3=1003;6 1=1003;2 4=1003;4 4=1002
1874,小怪,2 3=1004;6 1=1001;4 4=1002;2 4=1004,,BATTLE,0 0,3 3=1002;7 4=1002;5 2=1003;3 1=1003
1875,小怪,5 3=1001;2 3=1001;1 2=1003;5 2=1002;4 4=1002,,BATTLE,0 0,4 2=1003;3 1=1002;7 2=1002
1876,小怪,6 3=1003;5 2=1001;1 2=1004;5 3=1002,,BATTLE,0 0,7 2=1001;1 4=1002;2 3=1003
1877,小怪,6 1=1001;3 1=1004;1 4=1004;1 3=1003;4 3=1004,,BATTLE,0 0,5 3=1001;3 2=1003;6 4=1003
1878,小怪,4 2=1004;6 2=1001;1 3=1004;1 2=1003;1 4=1004,,BATTLE,0 0,1 1=1002;2 3=1003;2 4=1003;4 3=1001
1879,小怪,1 4=1002;1 2=1002;4 1=1001;2 4=1001,,BATTLE,0 0,5 3=1003;5 1=1002;6 4=1003;3 1=1002;6 3=1002;1 1=1002
1880,小怪,2 3=1003;2 2=1003;1 2=1003;5 3=1003,,BATTLE,0 0,4 4=1003;1 1=1003;7 4=1002
1881,小怪,5 3=1002;7 2=1001;2 2=1001;1 2=1001;3 1=1002,,BATTLE,0 0,5 1=1003;2 4=1001;3 2=1003;2 1=1001;6 4=1001
1882,小怪,1 3=1003;5 4=1002;4 4=1003;2 3=1001;4 2=1002,,BATTLE,0 0,6 2=1003;3 4=1003;5 1=1003;6 3=1001
1883,小怪,7 2=1001;4 2=1002;1 1=1001;6 2=1003;5 4=1003,,BATTLE,0 0,5 2=1002;7 1=1002;5 3=1002;1 4=1002
1884,小怪,5 3=1002;1 3=1001;7 1=1001;1 4=1002,,BATTLE,0 0,4 1=1002;6 1=1001;1 2=1002;2 4=1002;4 2=1003
1885,小怪,6 3=1003;2 4=1003;7 3=1002;4 3=1001;4 1=1004,,BATTLE,0 0,3 4=1003;1 2=1003;2 3=1003
1886,小怪,5 3=1002;6 1=1003;3 1=1004;5 2=1004,,BATTLE,0 0,2 3=1003;1 4=1003;1 2=1003;7 2=1002
1887,小怪,4 4=1001;7 4=1002;2 3=1003;5 4=1001,,BATTLE,0 0,6 1=1001;2 2=1003;3 1=1001;6 4=1002
1888,小怪,5 1=1002;4 4=1004;5 3=1003;1 1=1003;1 4=1001,,BATTLE,0 0,2 4=1002;3 3=1003;7 2=1002
1889,小怪,6 3=1004;6 4=1001;6 2=1003;7 3=1002;5 4=1003,,BATTLE,0 0,3 4=1002;4 4=1002;3 2=1001;1 4=1003;6 1=1003
1890,小怪,3 2=1004;5 1=1004;2 2=1001;4 4=1002;5 4=1002,,BATTLE,0 0,2 3=1003;4 2=1001;7 3=1003
1891,小怪,2 3=1001;3 4=1002;5 2=1003;4 3=1004,,BATTLE,0 0,7 2=1003;7 1=1002;5 1=1002;7 3=1002;2 2=1001
1892,小怪,3 3=1004;6 2=1004;3 4=1002;7 4=1001;2 3=1002,,BATTLE,0 0,5 4=1001;3 2=1003;5 2=1002;5 3=1003;3 1=1003
1893,小怪,7 2=1002;2 1=1002;6 4=1002;3 4=1002;4 2=1001,,BATTLE,0 0,5 4=1003;3 2=1003;1 3=1003;2 4=1003;1 1=1003
1894,小怪,5 3=1003;7 1=1003;6 3=1003;7 3=1004,,BATTLE,0 0,3 2=1001;4 1=1003;2 3=1002;3 1=1001;4 4=1003;1 3=1001
1895,小怪,5 1=1004;3 1=1004;5 4=1003;6 4=1001;5 3=1001,,BATTLE,0 0,3 4=1003;2 1=1003;4 2=1003;4 3=1001
1896,小怪,5 1=1001;6 3=1002;6 4=1002;2 2=1003,,BATTLE,0 0,7 2=1003;4 4=1001;2 4=1003
1897,小怪,2 2=1004;6 1=1003;6 4=1004;1 3=1001;5 1=1004,,BATTLE,0 0,1 1=1001;2 1=1002;5 4=1002
1898,小怪,5 4=1003;2 2=1001;4 1=1001;7 2=1002;7 3=1001,,BATTLE,0 0,2 3=1003;6 3=1003;3 4=1002;4 3=1002;5 3=1001
1899,小怪,3 1=1001;2 1=1002;6 4=1002;5 3=1001;7 3=1003,,BATTLE,0 0,4 2=1001;2 2=1003;1 3=1002;5 1=1001;4 3=1003;3 3=1002
1900,小怪,1 1=1002;6 4=1003;7 1=1004;2 1=1002,,BATTLE,0 0,6 2=1001;3 1=1002;5 1=1002;4 3=1003;5 3=1003;1 3=1003
1901,小怪,4 2=1004;1 3=1004;3 2=1004;5 2=1002,,BATTLE,0 0,2 2=1003;2 4=1001;5 4=1002;1 2=1002;5 1=1003
1902,小怪,5 1=1004;2 1=1001;4 4=1001;1 1=1001;7 4=1002,,BATTLE,0 0,1 3=1001;2 2=1002;6 2=1001;2 4=1002
1903,小怪,3 1=1004;2 1=1003;4 2=1002;2 4=1004,,BATTLE,0 0,4 1=1003;5 1=1003;7 3=1001;7 4=1003
1904,小怪,1 4=1003;5 4=1004;2 1=1004;3 3=1004,,BATTLE,0 0,1 3=1001;4 4=1002;7 3=1003
1905,小怪,7 1=1001;4 2=1001;7 2=1004;5 2=1001,,BATTLE,0 0,5 3=1001;4 3=1001;2 1=1003
1906,小怪,4 3=1002;2 3=1001;1 2=1004;3 3=1003,,BATTLE,0 0,1 4=1003;3 2=1001;7 1=1002;5 4=1003;4 4=1001;6 2=1003
1907,小怪,5 3=1004;4 2=1004;7 1=1002;6 2=1002,,BATTLE,0 0,2 4=1001;6 4=1003;1 3=1001
1908,小怪,5 3=1003;6 4=1004;4 3=1002;1 2=1003;6 1=1001,,BATTLE,0 0,7 2=1003;6 2=1003;2 1=1002;7 4=1002
1909,小怪,1 2=1003;1 1=1004;3 3=1002;2 1=1004;7 2=1003,,BATTLE,0 0,7 3=1002;3 1=1003;3 2=1001;2 4=1003;4 4=1002
1910,小怪,2 2=1003;5 2=1002;4 4=1004;3 2=1003,,BATTLE,0 0,1 2=1001;7 1=1001;7 4=1003
1911,小怪,7 4=1001;6 4=1001;7 3=1003;5 4=1003;2 1=1001,,BATTLE,0 0,4 3=1003;5 1=1003;7 1=1002;3 1=1001;4 4=1001;1 1=1002
1912,小怪,1 1=1004;7 4=1004;5 4=1001;4 2=1001;3 1=1004,,BATTLE,0 0,1 4=1001;7 2=1001;3 2=1002
1913,小怪,3 1=1001;3 3=1002;7 2=1001;5 1=1003;7 1=1003,,BATTLE,0 0,1 2=1002;6 2=1003;3 2=1002;6 4=1001
1914,小怪,4 1=1004;1 4=1002;1 3=1003;6 4=1004,,BATTLE,0 0,7 4=1003;2 4=1003;4 2=1003;6 2=1002;3 4=1001;2 3=1002
1915,小怪,4 1=1004;4 3=1001;5 1=1003;4 2=1002,,BATTLE,0 0,3 1=1002;7 3=1001;1 1=1001;5 4=1002
1916,小怪,3 4=1001;7 1=1001;6 4=1003;7 2=1004,,BATTLE,0 0,2 2=1001;6 2=1003;4 2=1003;4 4=1003
1917,小怪,4 4=1003;2 3=1004;1 2=1004;2 1=1001;1 3=1004,,BATTLE,0 0,3 1=1001;6 2=1002;7 3=1001;6 1=1002;5 1=1003
1918,小怪,2 4=1003;4 2=1001;1 3=1002;5 3=1003;7 1=1004,,BATTLE,0 0,2 1=1001;4 4=1001;2 3=1001;1 2=1001
1919,小怪,4 2=1002;2 1=1002;7 4=1004;5 4=1004,,BATTLE,0 0,4 4=1002;3 3=1003;2 4=1002;6 3=1001;1 1=1002
1920,小怪,7 4=1001;6 1=1001;5 2=1002;1 4=1002,,BATTLE,0 0,3 1=1001;2 1=1001;6 3=1003;7 3=1001;4 3=1001
1921,小怪,2 4=1002;5 1=1003;2 2=1001;3 3=1001,,BATTLE,0 0,6 4=1001;7 1=1001;4 2=1002;1 2=1001
1922,小怪,7 3=1001;4 4=1002;6 2=1002;5 3=1001,,BATTLE,0 0,4 1=1002;2 1=1002;5 2=1001;6 3=1003;1 4=1002;7 1=1003
1923,小怪,2 4=1001;7 3=1003;5 3=1002;6 1=1002,,BATTLE,0 0,1 1=1001;2 3=1002;4 2=1001;3 1=1003;3 4=1001
1924,小怪,4 3=1002;3 4=1004;5 1=1003;5 4=1001,,BATTLE,0 0,2 1=1001;7 4=1001;5 2=1001;1 3=1002;3 3=1001;1 2=1003
1925,小怪,2 3=1001;1 2=1003;5 4=1004;7 1=1004,,BATTLE,0 0,1 3=1003;6 3=1003;4 2=1001
1926,小怪,5 2=1003;1 4=1003;2 3=1002;4 2=1001;7 3=1004,,BATTLE,0 0,5 4=1002;4 4=1001;7 2=1002;3 4=1003;4 1=1001;3 3=1002
1927,小怪,5 2=1002;3 4=1003;4 1=1003;4 2=1001,,BATTLE,0 0,6 4=1003;3 3=1001;4 3=1003;3 2=1003;1 2=1001;7 3=1001
1928,小怪,5 4=1004;4 4=1001;1 3=1004;6 1=1001;4 1=1001,,BATTLE,0 0,7 2=1003;3 3=1001;4 2=1003;4 3=1001;3 1=1003
1929,小怪,7 4=1003;7 3=1004;1 3=1004;3 1=1001;2 3=1004,,BATTLE,0 0,1 1=1003;5 1=1001;6 3=1003;6 1=1001;3 4=1002
1930,小怪,6 3=1001;1 4=1001;4 4=1002;7 2=1004;7 3=1001,,BATTLE,0 0,5 4=1002;2 2=1003;3 1=1003
1931,小怪,1 2=1001;2 1=1002;7 3=1002;3 3=1001;6 3=1001,,BATTLE,0 0,4 2=1002;7 4=1002;1 1=1002;7 2=1001;4 1=1002
1932,小怪,6 2=1003;3 4=1003;1 4=1002;7 3=1004;7 4=1002,,BATTLE,0 0,4 1=1001;6 4=1003;1 3=1002;5 3=1003;1 1=1002
1933,小怪,3 2=1003;2 3=1002;2 1=1003;5 3=1001;1 3=1003,,BATTLE,0 0,1 4=1002;7 1=1003;7 2=1001;4 2=1002
1934,小怪,4 4=1003;3 4=1002;7 3=1002;2 2=1002,,BATTLE,0 0,3 3=1002;1 4=1003;2 4=1003;3 2=1002;5 1=1001
1935,小怪,5 2=1004;7 2=1003;3 4=1002;1 1=1001,,BATTLE,0 0,6 4=1003;5 3=1002;4 3=1002;2 3=1002;7 1=1003
1936,小怪,5 3=1004;1 2=1001;4 1=1004;2 1=1001;6 3=1003,,BATTLE,0 0,4 3=1001;1 1=1003;7 4=1001;2 3=1001;1 4=1001;5 1=1002
1937,小怪,1 3=1001;6 3=1004;1 2=1003;7 3=1001,,BATTLE,0 0,7 4=1002;7 1=1003;4 1=1003;2 1=1003;3 4=1002
1938,小怪,3 4=1002;6 4=1002;4 1=1002;2 3=1003,,BATTLE,0 0,1 4=1001;7 4=1002;5 4=1001;2 4=1003;4 4=1003
1939,小怪,2 3=1001;3 2=1004;6 4=1001;7 2=1002;1 1=1001,,BATTLE,0 0,7 3=1003;1 2=1003;6 2=1002
1940,小怪,3 1=1004;1 3=1001;1 2=1001;6 3=1002,,BATTLE,0 0,3 4=1003;4 1=1001;7 2=1001
1941,小怪,3 1=1002;6 1=1001;5 2=1004;7 1=1001,,BATTLE,0 0,2 2=1001;4 1=1002;2 4=1003;5 4=1002;4 4=1001;2 1=1003
1942,小怪,6 4=1004;6 2=1002;7 1=1004;2 2=1001,,BATTLE,0 0,7 3=1002;3 3=1002;4 4=1001
1943,小怪,7 1=1003;6 2=1002;2 4=1001;1 2=1003,,BATTLE,0 0,4 1=1003;1 3=1003;6 1=1003;2 2=1003
1944,小怪,2 3=1002;2 2=1002;7 4=1004;4 1=1003;6 3=1002,,BATTLE,0 0,3 1=1002;5 1=1001;1 2=1003;7 3=1003;4 4=1001
1945,小怪,2 2=1002;1 3=1002;6 2=1001;6 3=1002;2 4=1004,,BATTLE,0 0,3 3=1002;6 1=1001;1 2=1003
1946,小怪,1 3=1003;7 2=1001;3 1=1003;2 2=1003;3 2=1002,,BATTLE,0 0,1 2=1002;4 2=1001;5 3=1001
1947,小怪,7 1=1004;7 2=1003;5 2=1004;3 2=1001;3 3=1002,,BATTLE,0 0,6 3=1003;4 1=1003;4 2=1001;5 4=1003;2 2=1002;4 3=1003
1948,小怪,2 4=1002;2 3=1003;3 2=1002;4 2=1002;3 4=1002,,BATTLE,0 0,1 2=1001;1 1=1002;3 3=1001
1949,小怪,4 1=1002;5 1=1003;7 4=1001;6 1=1001,,BATTLE,0 0,2 3=1002;4 4=1003;3 4=1002;7 1=1003;3 2=1003;2 1=1001
1950,小怪,7 4=1003;6 2=1001;3 3=1003;2 3=1002,,BATTLE,0 0,1 4=1001;2 1=1002;1 3=1002
1951,小怪,4 1=1002;6 1=1003;2 4=1003;6 3=1001,,BATTLE,0 0,3 1=1001;5 3=1001;7 4=1002
1952,小怪,3 3=1003;2 4=1002;6 4=1002;1 4=1003;3 1=1004,,BATTLE,0 0,4 1=1003;3 4=1003;4 4=1001;7 4=1001;5 3=1002
1953,小怪,4 2=1002;6 2=1002;3 1=1001;3 2=1003;2 1=1001,,BATTLE,0 0,5 2=1003;1 3=1001;3 3=1002;1 4=1002;7 1=1002;4 3=1002
1954,小怪,1 4=1003;4 3=1001;6 2=1001;5 2=1001;5 4=1001,,BATTLE,0 0,5 1=1001;4 2=1003;4 4=1001
1955,小怪,6 1=1004;7 3=1001;2 2=1003;4 2=1004;2 3=1002,,BATTLE,0 0,6 4=1001;1 2=1003;3 3=1001;5 4=1003;4 3=1002;3 2=1001
1956,小怪,6 4=1002;5 1=1003;7 4=1003;2 2=1003;4 4=1004,,BATTLE,0 0,3 3=1001;2 4=1001;1 3=1001
1957,小怪,7 2=1002;1 4=1004;3 2=1003;5 3=1004;3 4=1004,,BATTLE,0 0,2 4=1002;2 1=1001;3 3=1002;1 1=1003
1958,小怪,5 4=1002;3 1=1003;6 1=1001;2 3=1001,,BATTLE,0 0,7 1=1003;4 4=1002;7 2=1003;7 4=1002;6 2=1001
1959,小怪,6 2=1002;1 4=1001;1 2=1002;3 3=1003,,BATTLE,0 0,7 2=1002;1 1=1001;4 2=1003;7 1=1001;5 2=1002;7 3=1001
1960,小怪,4 4=1004;6 4=1003;6 3=1004;7 1=1003;3 4=1003,,BATTLE,0 0,3 1=1001;4 3=1002;3 3=1001
1961,小怪,5 3=1002;5 4=1004;4 1=1004;6 2=1002,,BATTLE,0 0,7 1=1001;7 4=1003;3 1=1002;7 3=1001;7 2=1003
1962,小怪,7 4=1002;7 1=1002;6 1=1002;3 3=1004,,BATTLE,0 0,6 2=1001;1 4=1003;6 4=1003;7 2=1003
1963,小怪,2 3=1002;1 1=1004;5 2=1001;3 4=1002,,BATTLE,0 0,6 4=1003;1 3=1001;7 2=1003
1964,小怪,7 2=1001;3 3=1002;3 4=1003;3 2=1004,,BATTLE,0 0,7 4=1003;5 3=1002;2 3=1002;5 2=1002
1965,小怪,2 3=1004;4 3=1004;3 1=1001;7 1=1004,,BATTLE,0 0,2 1=1003;3 4=1001;5 1=1002;4 1=1002;2 4=1001
1966,小怪,7 2=1004;3 4=1002;5 3=1002;5 2=1001;2 3=1002,,BATTLE,0 0,5 4=1001;2 2=1003;6 2=1002
1967,小怪,6 2=1003;5 3=1003;7 2=1004;2 2=1001;4 2=1002,,BATTLE,0 0,5 2=1003;2 1=1003;3 1=1003
1968,小怪,7 2=1004;7 3=1001;2 4=1001;3 3=1004;4 1=1002,,BATTLE,0 0,1 1=1003;4 2=1003;5 1=1002
1969,小怪,7 2=1002;2 2=1002;7 3=1004;1 4=1002,,BATTLE,0 0,1 1=1003;4 3=1001;5 3=1001;2 1=1002;2 3=1003;1 2=1001
1970,小怪,3 4=1002;7 1=1003;3 3=1001;2 1=1001,,BATTLE,0 0,3 1=1002;5 2=1001;6 4=1003;1 4=1002
1971,小怪,1 3=1001;3 3=1001;7 3=1002;3 1=1004,,BATTLE,0 0,2 3=1001;5 4=1003;2 2=1002;1 1=1003
1972,小怪,6 2=1003;7 3=1002;2 4=1002;7 1=1004;6 3=1003,,BATTLE,0 0,5 4=1002;2 1=1001;4 2=1001;4 1=1002;6 1=1001;1 3=1002
1973,小怪,7 2=1001;7 3=1004;1 2=1004;4 2=1001,,BATTLE,0 0,7 4=1001;6 2=1001;6 3=1001;7 1=1002;5 1=1003
1974,小怪,1 3=1003;3 2=1001;7 2=1004;2 2=1002;6 1=1001,,BATTLE,0 0,4 2=1003;5 1=1002;7 1=1002;2 3=1001;6 2=1002
1975,小怪,1 3=1003;6 1=1003;7 2=1003;3 3=1003,,BATTLE,0 0,4 2=1003;3 4=1003;3 1=1002;6 3=1002
1976,小怪,2 4=1001;3 2=1002;6 1=1002;5 1=1003;5 4=1004,,BATTLE,0 0,5 3=1003;2 3=1003;3 1=1002;6 4=1002
1977,小怪,5 4=1004;1 3=1003;2 2=1004;1 4=1003;7 1=1001,,BATTLE,0 0,6 3=1001;4 4=1001;6 4=1003;3 4=1003
1978,小怪,6 1=1004;2 4=1002;3 4=1003;5 3=1004,,BATTLE,0 0,5 1=1002;4 4=1002;6 3=1002;1 4=1003;4 2=1002;1 1=1003
1979,小怪,1 3=1004;2 4=1004;4 2=1002;1 4=1002;7 2=1003,,BATTLE,0 0,4 4=1002;2 3=1001;2 2=1001
1980,小怪,7 2=1001;7 3=1002;2 1=1004;5 2=1004;4 2=1003,,BATTLE,0 0,1 4=1001;2 2=1001;1 3=1003;1 1=1002;6 1=1002;3 1=1002
1981,小怪,3 1=1001;3 3=1001;7 1=1003;1 3=1001,,BATTLE,0 0,4 3=1001;2 2=1003;7 3=1002;5 1=1002;5 3=1002
1982,小怪,2 3=1003;4 2=1001;6 2=1002;5 1=1003;2 2=1001,,BATTLE,0 0,6 1=1002;7 1=1002;1 4=1003;3 2=1001;7 4=1003
1983,小怪,1 4=1001;2 4=1001;5 3=1001;5 2=1004,,BATTLE,0 0,4 2=1001;5 1=1001;4 4=1001
1984,小怪,7 3=1001;3 4=1001;5 1=1002;4 2=1003,,BATTLE,0 0,2 2=1002;3 2=1003;3 1=1002;7 2=1002;6 2=1002;1 1=1002
1985,小怪,4 4=1003;1 1=1004;5 1=1003;6 4=1001;2 4=1004,,BATTLE,0 0,5 4=1003;7 3=1003;2 2=1001;3 4=1002
1986,小怪,3 4=1002;1 3=1002;6 4=1003;6 3=1004,,BATTLE,0 0,4 4=1001;1 1=1002;4 1=1003
1987,小怪,5 3=1001;4 1=1004;3 4=1001;4 3=1003;3 1=1003,,BATTLE,0 0,4 4=1001;1 2=1002;6 1=1001;7 3=1002;1 1=1003;7 1=1001
1988,小怪,7 4=1002;3 3=1004;4 2=1002;1 1=1001,,BATTLE,0 0,5 2=1003;4 3=1002;2 2=1001;6 3=1002;6 1=1003;3 4=1003
1989,小怪,4 3=1001;3 4=1004;5 1=1003;7 4=1001,,BATTLE,0 0,4 2=1001;3 1=1003;1 1=1001;6 4=1001;2 2=1001;1 4=1001
1990,小怪,5 4=1001;3 2=1002;4 2=1004;6 2=1004;3 4=1002,,BATTLE,0 0,7 3=1003;4 3=1001;4 4=1002
1991,小怪,7 1=1001;3 3=1001;5 1=1002;1 4=1001,,BATTLE,0 0,4 1=1001;1 1=1001;6 4=1001;5 4=1002
1992,小怪,1 4=1003;3 1=1004;3 2=1001;6 1=1001;6 2=1002,,BATTLE,0 0,4 2=1001;3 3=1001;7 2=1002
1993,小怪,2 2=1001;5 3=1002;5 1=1004;3 3=1004;2 4=1001,,BATTLE,0 0,6 3=1002;1 4=1001;5 2=1003
1994,小怪,2 1=1004;2 4=1001;7 1=1004;4 4=1002,,BATTLE,0 0,1 2=1002;7 4=1001;4 2=1001
1995,小怪,5 1=1004;5 4=1001;7 2=1001;3 3=1003;3 1=1001,,BATTLE,0 0,6 3=1001;5 3=1003;1 1=1001;4 4=1003;1 2=1003
1996,小怪,1 2=1002;1 3=1002;2 3=1001;6 4=1004,,BATTLE,0 0,5 3=1003;4 2=1001;6 3=1002
1997,小怪,6 4=1003;1 1=1002;5 2=1003;5 1=1004,,BATTLE,0 0,6 2=1001;6 1=1001;2 1=1002;7 2=1001;1 3=1002;3 4=1001
1998,小怪,4 4=1001;3 3=1002;7 2=1004;6 1=1004,,BATTLE,0 0,4 2=1002;1 1=1002;2 4=1002;2 1=1001;5 1=1001
1999,小怪,7 4=1003;2 4=1001;6 3=1001;6 4=1003,,BATTLE,0 0,5 4=1002;3 1=1001;1 1=1003
2001,菁英怪,4 2=1005,,BOSS,0 0,1 4=1002;3 3=1001;5 4=1003;2 3=1003
2002,菁英怪,6 3=1006,,BOSS,0 0,1 4=1002;4 2=1001;3 3=1001;5 4=1003;2 3=1003
3001,隨機事件,6 2=1001;6 1=1001;2 4=1002,,RANDOM,0 0,1 4=1002;4 2=1001;3 3=1001;5 4=1003;2 3=1003
4001,休息區,,,RECOVER,0 0,
5001,商店,,,SHOP,0 0,
6001,寶藏,,1001=1,TREASURE,0 0,
7001,魔王,4 2=1007,,FINALBOSS,0 0,1 4=1002;3 3=1001;5 4=1003;2 3=1003
8001,測試關卡,3 2=1007,,BATTLE,0 0,2 3=1003
